"time","wind_power","horizon"
2017-02-01 00:00:00,0.039,0
2017-02-01 06:00:00,0.05,6
2017-02-01 12:00:00,0.123,12
2017-02-01 18:00:00,0.348,18
2017-02-02 00:00:00,0.283,24
2017-02-02 00:00:00,0.283,0
2017-02-02 06:00:00,0.298,6
2017-02-02 12:00:00,0.185,12
2017-02-02 18:00:00,0.309,18
2017-02-03 00:00:00,0.355,24
2017-02-03 00:00:00,0.355,0
2017-02-03 06:00:00,0.308,6
2017-02-03 12:00:00,0.195,12
2017-02-03 18:00:00,0.322,18
2017-02-04 00:00:00,0.269,24
2017-02-04 00:00:00,0.269,0
2017-02-04 06:00:00,0.343,6
2017-02-04 12:00:00,0.111,12
2017-02-04 18:00:00,0.191,18
2017-02-05 00:00:00,0.199,24
2017-02-05 00:00:00,0.199,0
2017-02-05 06:00:00,0.289,6
2017-02-05 12:00:00,0.022,12
2017-02-05 18:00:00,0.134,18
2017-02-06 00:00:00,0.114,24
2017-02-06 00:00:00,0.114,0
2017-02-06 06:00:00,0.07,6
2017-02-06 12:00:00,0.035,12
2017-02-06 18:00:00,0.1,18
2017-02-07 00:00:00,0.086,24
2017-02-07 00:00:00,0.086,0
2017-02-07 06:00:00,0.146,6
2017-02-07 12:00:00,0.13,12
2017-02-07 18:00:00,0.251,18
2017-02-08 00:00:00,0.163,24
2017-02-08 00:00:00,0.163,0
2017-02-08 06:00:00,0.21,6
2017-02-08 12:00:00,0.139,12
2017-02-08 18:00:00,0.217,18
2017-02-09 00:00:00,0.148,24
2017-02-09 00:00:00,0.148,0
2017-02-09 06:00:00,0.112,6
2017-02-09 12:00:00,0.259,12
2017-02-09 18:00:00,0.302,18
2017-02-10 00:00:00,0.195,24
2017-02-10 00:00:00,0.195,0
2017-02-10 06:00:00,0.198,6
2017-02-10 12:00:00,0.191,12
2017-02-10 18:00:00,0.201,18
2017-02-11 00:00:00,0.11,24
2017-02-11 00:00:00,0.11,0
2017-02-11 06:00:00,0.132,6
2017-02-11 12:00:00,0.084,12
2017-02-11 18:00:00,0.282,18
2017-02-12 00:00:00,0.134,24
2017-02-12 00:00:00,0.134,0
2017-02-12 06:00:00,0.133,6
2017-02-12 12:00:00,0.147,12
2017-02-12 18:00:00,0.288,18
2017-02-13 00:00:00,0.167,24
2017-02-13 00:00:00,0.167,0
2017-02-13 06:00:00,0.215,6
2017-02-13 12:00:00,0.378,12
2017-02-13 18:00:00,0.435,18
2017-02-14 00:00:00,0.256,24
2017-02-14 00:00:00,0.256,0
2017-02-14 06:00:00,0.223,6
2017-02-14 12:00:00,0.127,12
2017-02-14 18:00:00,0.214,18
2017-02-15 00:00:00,0.204,24
2017-02-15 00:00:00,0.204,0
2017-02-15 06:00:00,0.212,6
2017-02-15 12:00:00,0.084,12
2017-02-15 18:00:00,0.308,18
2017-02-16 00:00:00,0.391,24
2017-02-16 00:00:00,0.391,0
2017-02-16 06:00:00,0.272,6
2017-02-16 12:00:00,0.129,12
2017-02-16 18:00:00,0.328,18
2017-02-17 00:00:00,0.191,24
2017-02-17 00:00:00,0.191,0
2017-02-17 06:00:00,0.226,6
2017-02-17 12:00:00,0.315,12
2017-02-17 18:00:00,0.265,18
2017-02-18 00:00:00,0.173,24
2017-02-18 00:00:00,0.173,0
2017-02-18 06:00:00,0.151,6
2017-02-18 12:00:00,0.084,12
2017-02-18 18:00:00,0.029,18
2017-02-19 00:00:00,0.235,24
2017-02-19 00:00:00,0.235,0
2017-02-19 06:00:00,0.305,6
2017-02-19 12:00:00,0.315,12
2017-02-19 18:00:00,0.343,18
2017-02-20 00:00:00,0.197,24
2017-02-20 00:00:00,0.197,0
2017-02-20 06:00:00,0.352,6
2017-02-20 12:00:00,0.619,12
2017-02-20 18:00:00,0.658,18
2017-02-21 00:00:00,0.586,24
2017-02-21 00:00:00,0.586,0
2017-02-21 06:00:00,0.495,6
2017-02-21 12:00:00,0.669,12
2017-02-21 18:00:00,0.409,18
2017-02-22 00:00:00,0.506,24
2017-02-22 00:00:00,0.506,0
2017-02-22 06:00:00,0.862,6
2017-02-22 12:00:00,0.835,12
2017-02-22 18:00:00,0.831,18
2017-02-23 00:00:00,0.679,24
2017-02-23 00:00:00,0.679,0
2017-02-23 06:00:00,0.67,6
2017-02-23 12:00:00,0.825,12
2017-02-23 18:00:00,0.939,18
2017-02-24 00:00:00,0.966,24
2017-02-24 00:00:00,0.966,0
2017-02-24 06:00:00,0.824,6
2017-02-24 12:00:00,0.525,12
2017-02-24 18:00:00,0.309,18
2017-02-25 00:00:00,0.231,24
2017-02-25 00:00:00,0.231,0
2017-02-25 06:00:00,0.148,6
2017-02-25 12:00:00,0.418,12
2017-02-25 18:00:00,0.4,18
2017-02-26 00:00:00,0.447,24
2017-02-26 00:00:00,0.447,0
2017-02-26 06:00:00,0.407,6
2017-02-26 12:00:00,0.606,12
2017-02-26 18:00:00,0.552,18
2017-02-27 00:00:00,0.454,24
2017-02-27 00:00:00,0.454,0
2017-02-27 06:00:00,0.424,6
2017-02-27 12:00:00,0.63,12
2017-02-27 18:00:00,0.748,18
2017-02-28 00:00:00,0.648,24
2017-02-28 00:00:00,0.648,0
2017-02-28 06:00:00,0.619,6
2017-02-28 12:00:00,0.607,12
2017-02-28 18:00:00,0.452,18
2017-03-01 00:00:00,0.374,24
2017-03-01 00:00:00,0.374,0
2017-03-01 06:00:00,0.575,6
2017-03-01 12:00:00,0.84,12
2017-03-01 18:00:00,0.413,18
2017-03-02 00:00:00,0.397,24
2017-03-02 00:00:00,0.397,0
2017-03-02 06:00:00,0.904,6
2017-03-02 12:00:00,0.922,12
2017-03-02 18:00:00,0.668,18
2017-03-03 00:00:00,0.336,24
2017-03-03 00:00:00,0.336,0
2017-03-03 06:00:00,0.279,6
2017-03-03 12:00:00,0.374,12
2017-03-03 18:00:00,0.399,18
2017-03-04 00:00:00,0.449,24
2017-03-04 00:00:00,0.449,0
2017-03-04 06:00:00,0.325,6
2017-03-04 12:00:00,0.16,12
2017-03-04 18:00:00,0.317,18
2017-03-05 00:00:00,0.549,24
2017-03-05 00:00:00,0.549,0
2017-03-05 06:00:00,0.471,6
2017-03-05 12:00:00,0.4,12
2017-03-05 18:00:00,0.289,18
2017-03-06 00:00:00,0.201,24
2017-03-06 00:00:00,0.201,0
2017-03-06 06:00:00,0.264,6
2017-03-06 12:00:00,0.143,12
2017-03-06 18:00:00,0.095,18
2017-03-07 00:00:00,0.142,24
2017-03-07 00:00:00,0.142,0
2017-03-07 06:00:00,0.11,6
2017-03-07 12:00:00,0.069,12
2017-03-07 18:00:00,0.095,18
2017-03-08 00:00:00,0.193,24
2017-03-08 00:00:00,0.193,0
2017-03-08 06:00:00,0.155,6
2017-03-08 12:00:00,0.502,12
2017-03-08 18:00:00,0.721,18
2017-03-09 00:00:00,0.388,24
2017-03-09 00:00:00,0.388,0
2017-03-09 06:00:00,0.045,6
2017-03-09 12:00:00,0.192,12
2017-03-09 18:00:00,0.643,18
2017-03-10 00:00:00,0.607,24
2017-03-10 00:00:00,0.607,0
2017-03-10 06:00:00,0.334,6
2017-03-10 12:00:00,0.283,12
2017-03-10 18:00:00,0.075,18
2017-03-11 00:00:00,0.038,24
2017-03-11 00:00:00,0.038,0
2017-03-11 06:00:00,0.105,6
2017-03-11 12:00:00,0.017,12
2017-03-11 18:00:00,0.288,18
2017-03-12 00:00:00,0.284,24
2017-03-12 00:00:00,0.284,0
2017-03-12 06:00:00,0.161,6
2017-03-12 12:00:00,0.198,12
2017-03-12 18:00:00,0.376,18
2017-03-13 00:00:00,0.214,24
2017-03-13 00:00:00,0.214,0
2017-03-13 06:00:00,0.137,6
2017-03-13 12:00:00,0.063,12
2017-03-13 18:00:00,0.182,18
2017-03-14 00:00:00,0.187,24
2017-03-14 00:00:00,0.187,0
2017-03-14 06:00:00,0.134,6
2017-03-14 12:00:00,0.18,12
2017-03-14 18:00:00,0.312,18
2017-03-15 00:00:00,0.264,24
2017-03-15 00:00:00,0.264,0
2017-03-15 06:00:00,0.191,6
2017-03-15 12:00:00,0.201,12
2017-03-15 18:00:00,0.168,18
2017-03-16 00:00:00,0.054,24
2017-03-16 00:00:00,0.054,0
2017-03-16 06:00:00,0.123,6
2017-03-16 12:00:00,0.061,12
2017-03-16 18:00:00,0.179,18
2017-03-17 00:00:00,0.484,24
2017-03-17 00:00:00,0.484,0
2017-03-17 06:00:00,0.268,6
2017-03-17 12:00:00,0.43,12
2017-03-17 18:00:00,0.372,18
2017-03-18 00:00:00,0.39,24
2017-03-18 00:00:00,0.39,0
2017-03-18 06:00:00,0.865,6
2017-03-18 12:00:00,0.771,12
2017-03-18 18:00:00,0.263,18
2017-03-19 00:00:00,0.094,24
2017-03-19 00:00:00,0.094,0
2017-03-19 06:00:00,0.192,6
2017-03-19 12:00:00,0.658,12
2017-03-19 18:00:00,0.772,18
2017-03-20 00:00:00,0.58,24
2017-03-20 00:00:00,0.58,0
2017-03-20 06:00:00,0.416,6
2017-03-20 12:00:00,0.529,12
2017-03-20 18:00:00,0.527,18
2017-03-21 00:00:00,0.488,24
2017-03-21 00:00:00,0.488,0
2017-03-21 06:00:00,0.42,6
2017-03-21 12:00:00,0.404,12
2017-03-21 18:00:00,0.144,18
2017-03-22 00:00:00,0.035,24
2017-03-22 00:00:00,0.035,0
2017-03-22 06:00:00,0.083,6
2017-03-22 12:00:00,0.192,12
2017-03-22 18:00:00,0.262,18
2017-03-23 00:00:00,0.123,24
2017-03-23 00:00:00,0.123,0
2017-03-23 06:00:00,0.072,6
2017-03-23 12:00:00,0.025,12
2017-03-23 18:00:00,0.212,18
2017-03-24 00:00:00,0.182,24
2017-03-24 00:00:00,0.182,0
2017-03-24 06:00:00,0.167,6
2017-03-24 12:00:00,0.213,12
2017-03-24 18:00:00,0.352,18
2017-03-25 00:00:00,0.149,24
2017-03-25 00:00:00,0.149,0
2017-03-25 06:00:00,0.078,6
2017-03-25 12:00:00,0.138,12
2017-03-25 18:00:00,0.264,18
2017-03-26 00:00:00,0.236,24
2017-03-26 00:00:00,0.236,0
2017-03-26 06:00:00,0.074,6
2017-03-26 12:00:00,0.122,12
2017-03-26 18:00:00,0.313,18
2017-03-27 00:00:00,0.206,24
2017-03-27 00:00:00,0.206,0
2017-03-27 06:00:00,0.095,6
2017-03-27 12:00:00,0.042,12
2017-03-27 18:00:00,0.067,18
2017-03-28 00:00:00,0.294,24
2017-03-28 00:00:00,0.294,0
2017-03-28 06:00:00,0.204,6
2017-03-28 12:00:00,0.177,12
2017-03-28 18:00:00,0.343,18
2017-03-29 00:00:00,0.311,24
2017-03-29 00:00:00,0.311,0
2017-03-29 06:00:00,0.237,6
2017-03-29 12:00:00,0.574,12
2017-03-29 18:00:00,0.325,18
2017-03-30 00:00:00,0.177,24
2017-03-30 00:00:00,0.177,0
2017-03-30 06:00:00,0.147,6
2017-03-30 12:00:00,0.065,12
2017-03-30 18:00:00,0.062,18
2017-03-31 00:00:00,0.297,24
2017-03-31 00:00:00,0.297,0
2017-03-31 06:00:00,0.238,6
2017-03-31 12:00:00,0.395,12
2017-03-31 18:00:00,0.374,18
2017-04-01 00:00:00,0.087,24
2017-04-01 00:00:00,0.087,0
2017-04-01 06:00:00,0.008,6
2017-04-01 12:00:00,0.002,12
2017-04-01 18:00:00,0.201,18
2017-04-02 00:00:00,0.23,24
2017-04-02 00:00:00,0.23,0
2017-04-02 06:00:00,0.068,6
2017-04-02 12:00:00,0.045,12
2017-04-02 18:00:00,0.112,18
2017-04-03 00:00:00,0.134,24
2017-04-03 00:00:00,0.134,0
2017-04-03 06:00:00,0.055,6
2017-04-03 12:00:00,0.068,12
2017-04-03 18:00:00,0.201,18
2017-04-04 00:00:00,0.08,24
2017-04-04 00:00:00,0.08,0
2017-04-04 06:00:00,0.061,6
2017-04-04 12:00:00,0.031,12
2017-04-04 18:00:00,0.073,18
2017-04-05 00:00:00,0.005,24
2017-04-05 00:00:00,0.005,0
2017-04-05 06:00:00,0.028,6
2017-04-05 12:00:00,0.223,12
2017-04-05 18:00:00,0.272,18
2017-04-06 00:00:00,0.355,24
2017-04-06 00:00:00,0.355,0
2017-04-06 06:00:00,0.314,6
2017-04-06 12:00:00,0.207,12
2017-04-06 18:00:00,0.301,18
2017-04-07 00:00:00,0.259,24
2017-04-07 00:00:00,0.259,0
2017-04-07 06:00:00,0.286,6
2017-04-07 12:00:00,0.374,12
2017-04-07 18:00:00,0.33,18
2017-04-08 00:00:00,0.196,24
2017-04-08 00:00:00,0.196,0
2017-04-08 06:00:00,0.011,6
2017-04-08 12:00:00,0.025,12
2017-04-08 18:00:00,0.03,18
2017-04-09 00:00:00,0.067,24
2017-04-09 00:00:00,0.067,0
2017-04-09 06:00:00,0.01,6
2017-04-09 12:00:00,0.007,12
2017-04-09 18:00:00,0.006,18
2017-04-10 00:00:00,0.359,24
2017-04-10 00:00:00,0.359,0
2017-04-10 06:00:00,0.206,6
2017-04-10 12:00:00,0.41,12
2017-04-10 18:00:00,0.291,18
2017-04-11 00:00:00,0.259,24
2017-04-11 00:00:00,0.259,0
2017-04-11 06:00:00,0.12,6
2017-04-11 12:00:00,0.264,12
2017-04-11 18:00:00,0.158,18
2017-04-12 00:00:00,0.323,24
2017-04-12 00:00:00,0.323,0
2017-04-12 06:00:00,0.289,6
2017-04-12 12:00:00,0.608,12
2017-04-12 18:00:00,0.501,18
2017-04-13 00:00:00,0.327,24
2017-04-13 00:00:00,0.327,0
2017-04-13 06:00:00,0.248,6
2017-04-13 12:00:00,0.458,12
2017-04-13 18:00:00,0.207,18
2017-04-14 00:00:00,0.161,24
2017-04-14 00:00:00,0.161,0
2017-04-14 06:00:00,0.097,6
2017-04-14 12:00:00,0.167,12
2017-04-14 18:00:00,0.17,18
2017-04-15 00:00:00,0.127,24
2017-04-15 00:00:00,0.127,0
2017-04-15 06:00:00,0.238,6
2017-04-15 12:00:00,0.626,12
2017-04-15 18:00:00,0.343,18
2017-04-16 00:00:00,0.317,24
2017-04-16 00:00:00,0.317,0
2017-04-16 06:00:00,0.284,6
2017-04-16 12:00:00,0.323,12
2017-04-16 18:00:00,0.138,18
2017-04-17 00:00:00,0.128,24
2017-04-17 00:00:00,0.128,0
2017-04-17 06:00:00,0.019,6
2017-04-17 12:00:00,0.112,12
2017-04-17 18:00:00,0.195,18
2017-04-18 00:00:00,0.118,24
2017-04-18 00:00:00,0.118,0
2017-04-18 06:00:00,0.302,6
2017-04-18 12:00:00,0.253,12
2017-04-18 18:00:00,0.231,18
2017-04-19 00:00:00,0.22,24
2017-04-19 00:00:00,0.22,0
2017-04-19 06:00:00,0.245,6
2017-04-19 12:00:00,0.31,12
2017-04-19 18:00:00,0.179,18
2017-04-20 00:00:00,0.117,24
2017-04-20 00:00:00,0.117,0
2017-04-20 06:00:00,0.043,6
2017-04-20 12:00:00,0.056,12
2017-04-20 18:00:00,0.011,18
2017-04-21 00:00:00,0.223,24
2017-04-21 00:00:00,0.223,0
2017-04-21 06:00:00,0.115,6
2017-04-21 12:00:00,0.352,12
2017-04-21 18:00:00,0.438,18
2017-04-22 00:00:00,0.42,24
2017-04-22 00:00:00,0.42,0
2017-04-22 06:00:00,0.282,6
2017-04-22 12:00:00,0.524,12
2017-04-22 18:00:00,0.322,18
2017-04-23 00:00:00,0.296,24
2017-04-23 00:00:00,0.296,0
2017-04-23 06:00:00,0.259,6
2017-04-23 12:00:00,0.426,12
2017-04-23 18:00:00,0.237,18
2017-04-24 00:00:00,0.071,24
2017-04-24 00:00:00,0.071,0
2017-04-24 06:00:00,0.134,6
2017-04-24 12:00:00,0.328,12
2017-04-24 18:00:00,0.22,18
2017-04-25 00:00:00,0.248,24
2017-04-25 00:00:00,0.248,0
2017-04-25 06:00:00,0.309,6
2017-04-25 12:00:00,0.42,12
2017-04-25 18:00:00,0.155,18
2017-04-26 00:00:00,0.014,24
2017-04-26 00:00:00,0.014,0
2017-04-26 06:00:00,0.012,6
2017-04-26 12:00:00,0.005,12
2017-04-26 18:00:00,0.028,18
2017-04-27 00:00:00,0.03,24
2017-04-27 00:00:00,0.03,0
2017-04-27 06:00:00,0.027,6
2017-04-27 12:00:00,0.016,12
2017-04-27 18:00:00,0.027,18
2017-04-28 00:00:00,0.033,24
2017-04-28 00:00:00,0.033,0
2017-04-28 06:00:00,0.031,6
2017-04-28 12:00:00,0.022,12
2017-04-28 18:00:00,0.126,18
2017-04-29 00:00:00,0.205,24
2017-04-29 00:00:00,0.205,0
2017-04-29 06:00:00,0.047,6
2017-04-29 12:00:00,0.132,12
2017-04-29 18:00:00,0.103,18
2017-04-30 00:00:00,0.261,24
2017-04-30 00:00:00,0.261,0
2017-04-30 06:00:00,0.195,6
2017-04-30 12:00:00,0.364,12
2017-04-30 18:00:00,0.476,18
2017-05-01 00:00:00,0.346,24
2017-05-01 00:00:00,0.346,0
2017-05-01 06:00:00,0.152,6
2017-05-01 12:00:00,0.009,12
2017-05-01 18:00:00,0.051,18
2017-05-02 00:00:00,0.147,24
2017-05-02 00:00:00,0.147,0
2017-05-02 06:00:00,0.285,6
2017-05-02 12:00:00,0.069,12
2017-05-02 18:00:00,0.031,18
2017-05-03 00:00:00,0.093,24
2017-05-03 00:00:00,0.093,0
2017-05-03 06:00:00,0.043,6
2017-05-03 12:00:00,0.274,12
2017-05-03 18:00:00,0.341,18
2017-05-04 00:00:00,0.207,24
2017-05-04 00:00:00,0.207,0
2017-05-04 06:00:00,0.22,6
2017-05-04 12:00:00,0.189,12
2017-05-04 18:00:00,0.115,18
2017-05-05 00:00:00,0.054,24
2017-05-05 00:00:00,0.054,0
2017-05-05 06:00:00,0.024,6
2017-05-05 12:00:00,0.006,12
2017-05-05 18:00:00,0.071,18
2017-05-06 00:00:00,0.134,24
2017-05-06 00:00:00,0.134,0
2017-05-06 06:00:00,0.12,6
2017-05-06 12:00:00,0.132,12
2017-05-06 18:00:00,0.316,18
2017-05-07 00:00:00,0.11,24
2017-05-07 00:00:00,0.11,0
2017-05-07 06:00:00,0.005,6
2017-05-07 12:00:00,0.03,12
2017-05-07 18:00:00,0.125,18
2017-05-08 00:00:00,0.236,24
2017-05-08 00:00:00,0.236,0
2017-05-08 06:00:00,0.212,6
2017-05-08 12:00:00,0.251,12
2017-05-08 18:00:00,0.175,18
2017-05-09 00:00:00,0.114,24
2017-05-09 00:00:00,0.114,0
2017-05-09 06:00:00,0.05,6
2017-05-09 12:00:00,0.055,12
2017-05-09 18:00:00,0.011,18
2017-05-10 00:00:00,0.217,24
2017-05-10 00:00:00,0.217,0
2017-05-10 06:00:00,0.083,6
2017-05-10 12:00:00,0.137,12
2017-05-10 18:00:00,0.026,18
2017-05-11 00:00:00,0.133,24
2017-05-11 00:00:00,0.133,0
2017-05-11 06:00:00,0.047,6
2017-05-11 12:00:00,0.136,12
2017-05-11 18:00:00,0.166,18
2017-05-12 00:00:00,0.106,24
2017-05-12 00:00:00,0.106,0
2017-05-12 06:00:00,0.035,6
2017-05-12 12:00:00,0.049,12
2017-05-12 18:00:00,0.021,18
2017-05-13 00:00:00,0.049,24
2017-05-13 00:00:00,0.049,0
2017-05-13 06:00:00,0.041,6
2017-05-13 12:00:00,0.107,12
2017-05-13 18:00:00,0.078,18
2017-05-14 00:00:00,0.126,24
2017-05-14 00:00:00,0.126,0
2017-05-14 06:00:00,0.036,6
2017-05-14 12:00:00,0.05,12
2017-05-14 18:00:00,0.101,18
2017-05-15 00:00:00,0.149,24
2017-05-15 00:00:00,0.149,0
2017-05-15 06:00:00,0.051,6
2017-05-15 12:00:00,0.041,12
2017-05-15 18:00:00,0.011,18
2017-05-16 00:00:00,0.093,24
2017-05-16 00:00:00,0.093,0
2017-05-16 06:00:00,0.038,6
2017-05-16 12:00:00,0.016,12
2017-05-16 18:00:00,0.008,18
2017-05-17 00:00:00,0.089,24
2017-05-17 00:00:00,0.089,0
2017-05-17 06:00:00,0.032,6
2017-05-17 12:00:00,0.026,12
2017-05-17 18:00:00,0.285,18
2017-05-18 00:00:00,0.352,24
2017-05-18 00:00:00,0.352,0
2017-05-18 06:00:00,0.107,6
2017-05-18 12:00:00,0.167,12
2017-05-18 18:00:00,0.083,18
2017-05-19 00:00:00,0.045,24
2017-05-19 00:00:00,0.045,0
2017-05-19 06:00:00,0.05,6
2017-05-19 12:00:00,0.062,12
2017-05-19 18:00:00,0.541,18
2017-05-20 00:00:00,0.223,24
2017-05-20 00:00:00,0.223,0
2017-05-20 06:00:00,0.167,6
2017-05-20 12:00:00,0.134,12
2017-05-20 18:00:00,0.105,18
2017-05-21 00:00:00,0.095,24
2017-05-21 00:00:00,0.095,0
2017-05-21 06:00:00,0.015,6
2017-05-21 12:00:00,0.016,12
2017-05-21 18:00:00,0.091,18
2017-05-22 00:00:00,0.131,24
2017-05-22 00:00:00,0.131,0
2017-05-22 06:00:00,0.076,6
2017-05-22 12:00:00,0.052,12
2017-05-22 18:00:00,0.105,18
2017-05-23 00:00:00,0.056,24
2017-05-23 00:00:00,0.056,0
2017-05-23 06:00:00,0.059,6
2017-05-23 12:00:00,0.272,12
2017-05-23 18:00:00,0.395,18
2017-05-24 00:00:00,0.239,24
2017-05-24 00:00:00,0.239,0
2017-05-24 06:00:00,0.249,6
2017-05-24 12:00:00,0.315,12
2017-05-24 18:00:00,0.132,18
2017-05-25 00:00:00,0.076,24
2017-05-25 00:00:00,0.076,0
2017-05-25 06:00:00,0.062,6
2017-05-25 12:00:00,0.174,12
2017-05-25 18:00:00,0.107,18
2017-05-26 00:00:00,0.093,24
2017-05-26 00:00:00,0.093,0
2017-05-26 06:00:00,0.005,6
2017-05-26 12:00:00,0.041,12
2017-05-26 18:00:00,0.168,18
2017-05-27 00:00:00,0.233,24
2017-05-27 00:00:00,0.233,0
2017-05-27 06:00:00,0.084,6
2017-05-27 12:00:00,0.124,12
2017-05-27 18:00:00,0.144,18
2017-05-28 00:00:00,0.298,24
2017-05-28 00:00:00,0.298,0
2017-05-28 06:00:00,0.069,6
2017-05-28 12:00:00,0.08,12
2017-05-28 18:00:00,0.051,18
2017-05-29 00:00:00,0.085,24
2017-05-29 00:00:00,0.085,0
2017-05-29 06:00:00,0.021,6
2017-05-29 12:00:00,0.013,12
2017-05-29 18:00:00,0.054,18
2017-05-30 00:00:00,0.233,24
2017-05-30 00:00:00,0.233,0
2017-05-30 06:00:00,0.104,6
2017-05-30 12:00:00,0.21,12
2017-05-30 18:00:00,0.12,18
2017-05-31 00:00:00,0.179,24
2017-05-31 00:00:00,0.179,0
2017-05-31 06:00:00,0.146,6
2017-05-31 12:00:00,0.155,12
2017-05-31 18:00:00,0.12,18
2017-06-01 00:00:00,0.067,24
2017-06-01 00:00:00,0.067,0
2017-06-01 06:00:00,0.012,6
2017-06-01 12:00:00,0.046,12
2017-06-01 18:00:00,0.043,18
2017-06-02 00:00:00,0.08,24
2017-06-02 00:00:00,0.08,0
2017-06-02 06:00:00,0.015,6
2017-06-02 12:00:00,0.016,12
2017-06-02 18:00:00,0.006,18
2017-06-03 00:00:00,0.207,24
2017-06-03 00:00:00,0.207,0
2017-06-03 06:00:00,0.073,6
2017-06-03 12:00:00,0.13,12
2017-06-03 18:00:00,0.03,18
2017-06-04 00:00:00,0.116,24
2017-06-04 00:00:00,0.116,0
2017-06-04 06:00:00,0.343,6
2017-06-04 12:00:00,0.412,12
2017-06-04 18:00:00,0.126,18
2017-06-05 00:00:00,0.035,24
2017-06-05 00:00:00,0.035,0
2017-06-05 06:00:00,0.002,6
2017-06-05 12:00:00,0.038,12
2017-06-05 18:00:00,0.033,18
2017-06-06 00:00:00,0.164,24
2017-06-06 00:00:00,0.164,0
2017-06-06 06:00:00,0.162,6
2017-06-06 12:00:00,0.626,12
2017-06-06 18:00:00,0.454,18
2017-06-07 00:00:00,0.416,24
2017-06-07 00:00:00,0.416,0
2017-06-07 06:00:00,0.653,6
2017-06-07 12:00:00,0.733,12
2017-06-07 18:00:00,0.417,18
2017-06-08 00:00:00,0.313,24
2017-06-08 00:00:00,0.313,0
2017-06-08 06:00:00,0.242,6
2017-06-08 12:00:00,0.295,12
2017-06-08 18:00:00,0.158,18
2017-06-09 00:00:00,0.272,24
2017-06-09 00:00:00,0.272,0
2017-06-09 06:00:00,0.155,6
2017-06-09 12:00:00,0.488,12
2017-06-09 18:00:00,0.125,18
2017-06-10 00:00:00,0.111,24
2017-06-10 00:00:00,0.111,0
2017-06-10 06:00:00,0.054,6
2017-06-10 12:00:00,0.139,12
2017-06-10 18:00:00,0.037,18
2017-06-11 00:00:00,0.178,24
2017-06-11 00:00:00,0.178,0
2017-06-11 06:00:00,0.062,6
2017-06-11 12:00:00,0.13,12
2017-06-11 18:00:00,0.136,18
2017-06-12 00:00:00,0.3,24
2017-06-12 00:00:00,0.3,0
2017-06-12 06:00:00,0.217,6
2017-06-12 12:00:00,0.525,12
2017-06-12 18:00:00,0.289,18
2017-06-13 00:00:00,0.204,24
2017-06-13 00:00:00,0.204,0
2017-06-13 06:00:00,0.215,6
2017-06-13 12:00:00,0.257,12
2017-06-13 18:00:00,0.116,18
2017-06-14 00:00:00,0.041,24
2017-06-14 00:00:00,0.041,0
2017-06-14 06:00:00,0.004,6
2017-06-14 12:00:00,0.01,12
2017-06-14 18:00:00,0.131,18
2017-06-15 00:00:00,0.181,24
2017-06-15 00:00:00,0.181,0
2017-06-15 06:00:00,0.048,6
2017-06-15 12:00:00,0.059,12
2017-06-15 18:00:00,0.088,18
2017-06-16 00:00:00,0.261,24
2017-06-16 00:00:00,0.261,0
2017-06-16 06:00:00,0.239,6
2017-06-16 12:00:00,0.482,12
2017-06-16 18:00:00,0.417,18
2017-06-17 00:00:00,0.278,24
2017-06-17 00:00:00,0.278,0
2017-06-17 06:00:00,0.294,6
2017-06-17 12:00:00,0.323,12
2017-06-17 18:00:00,0.07,18
2017-06-18 00:00:00,0.063,24
2017-06-18 00:00:00,0.063,0
2017-06-18 06:00:00,0.003,6
2017-06-18 12:00:00,0.023,12
2017-06-18 18:00:00,0.074,18
2017-06-19 00:00:00,0.131,24
2017-06-19 00:00:00,0.131,0
2017-06-19 06:00:00,0.013,6
2017-06-19 12:00:00,0.013,12
2017-06-19 18:00:00,0.004,18
2017-06-20 00:00:00,0.004,24
2017-06-20 00:00:00,0.004,0
2017-06-20 06:00:00,0.014,6
2017-06-20 12:00:00,0.088,12
2017-06-20 18:00:00,0.266,18
2017-06-21 00:00:00,0.166,24
2017-06-21 00:00:00,0.166,0
2017-06-21 06:00:00,0.045,6
2017-06-21 12:00:00,0.048,12
2017-06-21 18:00:00,0.093,18
2017-06-22 00:00:00,0.114,24
2017-06-22 00:00:00,0.114,0
2017-06-22 06:00:00,0.093,6
2017-06-22 12:00:00,0.461,12
2017-06-22 18:00:00,0.334,18
2017-06-23 00:00:00,0.451,24
2017-06-23 00:00:00,0.451,0
2017-06-23 06:00:00,0.346,6
2017-06-23 12:00:00,0.341,12
2017-06-23 18:00:00,0.261,18
2017-06-24 00:00:00,0.227,24
2017-06-24 00:00:00,0.227,0
2017-06-24 06:00:00,0.305,6
2017-06-24 12:00:00,0.466,12
2017-06-24 18:00:00,0.25,18
2017-06-25 00:00:00,0.192,24
2017-06-25 00:00:00,0.192,0
2017-06-25 06:00:00,0.479,6
2017-06-25 12:00:00,0.602,12
2017-06-25 18:00:00,0.268,18
2017-06-26 00:00:00,0.237,24
2017-06-26 00:00:00,0.237,0
2017-06-26 06:00:00,0.381,6
2017-06-26 12:00:00,0.232,12
2017-06-26 18:00:00,0.058,18
2017-06-27 00:00:00,0.081,24
2017-06-27 00:00:00,0.081,0
2017-06-27 06:00:00,0.087,6
2017-06-27 12:00:00,0.084,12
2017-06-27 18:00:00,0.17,18
2017-06-28 00:00:00,0.216,24
2017-06-28 00:00:00,0.216,0
2017-06-28 06:00:00,0.082,6
2017-06-28 12:00:00,0.135,12
2017-06-28 18:00:00,0.09,18
2017-06-29 00:00:00,0.004,24
2017-06-29 00:00:00,0.004,0
2017-06-29 06:00:00,0.089,6
2017-06-29 12:00:00,0.289,12
2017-06-29 18:00:00,0.162,18
2017-06-30 00:00:00,0.291,24
2017-06-30 00:00:00,0.291,0
2017-06-30 06:00:00,0.448,6
2017-06-30 12:00:00,0.561,12
2017-06-30 18:00:00,0.3,18
2017-07-01 00:00:00,0.281,24
2017-07-01 00:00:00,0.281,0
2017-07-01 06:00:00,0.391,6
2017-07-01 12:00:00,0.666,12
2017-07-01 18:00:00,0.211,18
2017-07-02 00:00:00,0.243,24
2017-07-02 00:00:00,0.243,0
2017-07-02 06:00:00,0.138,6
2017-07-02 12:00:00,0.362,12
2017-07-02 18:00:00,0.19,18
2017-07-03 00:00:00,0.097,24
2017-07-03 00:00:00,0.097,0
2017-07-03 06:00:00,0.051,6
2017-07-03 12:00:00,0.192,12
2017-07-03 18:00:00,0.192,18
2017-07-04 00:00:00,0.218,24
2017-07-04 00:00:00,0.218,0
2017-07-04 06:00:00,0.102,6
2017-07-04 12:00:00,0.177,12
2017-07-04 18:00:00,0.063,18
2017-07-05 00:00:00,0.086,24
2017-07-05 00:00:00,0.086,0
2017-07-05 06:00:00,0.024,6
2017-07-05 12:00:00,0.077,12
2017-07-05 18:00:00,0.09,18
2017-07-06 00:00:00,0.051,24
2017-07-06 00:00:00,0.051,0
2017-07-06 06:00:00,0.002,6
2017-07-06 12:00:00,0.035,12
2017-07-06 18:00:00,0.003,18
2017-07-07 00:00:00,0.264,24
2017-07-07 00:00:00,0.264,0
2017-07-07 06:00:00,0.241,6
2017-07-07 12:00:00,0.452,12
2017-07-07 18:00:00,0.225,18
2017-07-08 00:00:00,0.164,24
2017-07-08 00:00:00,0.164,0
2017-07-08 06:00:00,0.108,6
2017-07-08 12:00:00,0.196,12
2017-07-08 18:00:00,0.076,18
2017-07-09 00:00:00,0.101,24
2017-07-09 00:00:00,0.101,0
2017-07-09 06:00:00,0.063,6
2017-07-09 12:00:00,0.004,12
2017-07-09 18:00:00,0.111,18
2017-07-10 00:00:00,0.099,24
2017-07-10 00:00:00,0.099,0
2017-07-10 06:00:00,0.073,6
2017-07-10 12:00:00,0.368,12
2017-07-10 18:00:00,0.111,18
2017-07-11 00:00:00,0.12,24
2017-07-11 00:00:00,0.12,0
2017-07-11 06:00:00,0.118,6
2017-07-11 12:00:00,0.347,12
2017-07-11 18:00:00,0.118,18
2017-07-12 00:00:00,0.22,24
2017-07-12 00:00:00,0.22,0
2017-07-12 06:00:00,0.23,6
2017-07-12 12:00:00,0.617,12
2017-07-12 18:00:00,0.706,18
2017-07-13 00:00:00,0.266,24
2017-07-13 00:00:00,0.266,0
2017-07-13 06:00:00,0.139,6
2017-07-13 12:00:00,0.053,12
2017-07-13 18:00:00,0.032,18
2017-07-14 00:00:00,0.103,24
2017-07-14 00:00:00,0.103,0
2017-07-14 06:00:00,0.026,6
2017-07-14 12:00:00,0.158,12
2017-07-14 18:00:00,0.133,18
2017-07-15 00:00:00,0.263,24
2017-07-15 00:00:00,0.263,0
2017-07-15 06:00:00,0.17,6
2017-07-15 12:00:00,0.127,12
2017-07-15 18:00:00,0.081,18
2017-07-16 00:00:00,0.018,24
2017-07-16 00:00:00,0.018,0
2017-07-16 06:00:00,0.117,6
2017-07-16 12:00:00,0.193,12
2017-07-16 18:00:00,0.13,18
2017-07-17 00:00:00,0.168,24
2017-07-17 00:00:00,0.168,0
2017-07-17 06:00:00,0.017,6
2017-07-17 12:00:00,0.056,12
2017-07-17 18:00:00,0.11,18
2017-07-18 00:00:00,0.138,24
2017-07-18 00:00:00,0.138,0
2017-07-18 06:00:00,0.107,6
2017-07-18 12:00:00,0.052,12
2017-07-18 18:00:00,0.212,18
2017-07-19 00:00:00,0.232,24
2017-07-19 00:00:00,0.232,0
2017-07-19 06:00:00,0.056,6
2017-07-19 12:00:00,0.073,12
2017-07-19 18:00:00,0.021,18
2017-07-20 00:00:00,0.039,24
2017-07-20 00:00:00,0.039,0
2017-07-20 06:00:00,0.181,6
2017-07-20 12:00:00,0.215,12
2017-07-20 18:00:00,0.213,18
2017-07-21 00:00:00,0.219,24
2017-07-21 00:00:00,0.219,0
2017-07-21 06:00:00,0.006,6
2017-07-21 12:00:00,0.03,12
2017-07-21 18:00:00,0.014,18
2017-07-22 00:00:00,0.199,24
2017-07-22 00:00:00,0.199,0
2017-07-22 06:00:00,0.02,6
2017-07-22 12:00:00,0.022,12
2017-07-22 18:00:00,0.05,18
2017-07-23 00:00:00,0.194,24
2017-07-23 00:00:00,0.194,0
2017-07-23 06:00:00,0.376,6
2017-07-23 12:00:00,0.404,12
2017-07-23 18:00:00,0.209,18
2017-07-24 00:00:00,0.115,24
2017-07-24 00:00:00,0.115,0
2017-07-24 06:00:00,0.009,6
2017-07-24 12:00:00,0.023,12
2017-07-24 18:00:00,0.144,18
2017-07-25 00:00:00,0.213,24
2017-07-25 00:00:00,0.213,0
2017-07-25 06:00:00,0.171,6
2017-07-25 12:00:00,0.222,12
2017-07-25 18:00:00,0.13,18
2017-07-26 00:00:00,0.267,24
2017-07-26 00:00:00,0.267,0
2017-07-26 06:00:00,0.501,6
2017-07-26 12:00:00,0.326,12
2017-07-26 18:00:00,0.198,18
2017-07-27 00:00:00,0.208,24
2017-07-27 00:00:00,0.208,0
2017-07-27 06:00:00,0.115,6
2017-07-27 12:00:00,0.223,12
2017-07-27 18:00:00,0.175,18
2017-07-28 00:00:00,0.128,24
2017-07-28 00:00:00,0.128,0
2017-07-28 06:00:00,0.157,6
2017-07-28 12:00:00,0.483,12
2017-07-28 18:00:00,0.21,18
2017-07-29 00:00:00,0.186,24
2017-07-29 00:00:00,0.186,0
2017-07-29 06:00:00,0.274,6
2017-07-29 12:00:00,0.443,12
2017-07-29 18:00:00,0.177,18
2017-07-30 00:00:00,0.268,24
2017-07-30 00:00:00,0.268,0
2017-07-30 06:00:00,0.258,6
2017-07-30 12:00:00,0.561,12
2017-07-30 18:00:00,0.137,18
2017-07-31 00:00:00,0.234,24
2017-07-31 00:00:00,0.234,0
2017-07-31 06:00:00,0.111,6
2017-07-31 12:00:00,0.248,12
2017-07-31 18:00:00,0.068,18
2017-08-01 00:00:00,0.113,24
2017-08-01 00:00:00,0.113,0
2017-08-01 06:00:00,0.021,6
2017-08-01 12:00:00,0.229,12
2017-08-01 18:00:00,0.078,18
2017-08-02 00:00:00,0.076,24
2017-08-02 00:00:00,0.076,0
2017-08-02 06:00:00,0.018,6
2017-08-02 12:00:00,0.174,12
2017-08-02 18:00:00,0.03,18
2017-08-03 00:00:00,0.201,24
2017-08-03 00:00:00,0.201,0
2017-08-03 06:00:00,0.146,6
2017-08-03 12:00:00,0.663,12
2017-08-03 18:00:00,0.435,18
2017-08-04 00:00:00,0.184,24
2017-08-04 00:00:00,0.184,0
2017-08-04 06:00:00,0.191,6
2017-08-04 12:00:00,0.553,12
2017-08-04 18:00:00,0.339,18
2017-08-05 00:00:00,0.19,24
2017-08-05 00:00:00,0.19,0
2017-08-05 06:00:00,0.096,6
2017-08-05 12:00:00,0.542,12
2017-08-05 18:00:00,0.179,18
2017-08-06 00:00:00,0.21,24
2017-08-06 00:00:00,0.21,0
2017-08-06 06:00:00,0.084,6
2017-08-06 12:00:00,0.076,12
2017-08-06 18:00:00,0.02,18
2017-08-07 00:00:00,0.127,24
2017-08-07 00:00:00,0.127,0
2017-08-07 06:00:00,0.053,6
2017-08-07 12:00:00,0.025,12
2017-08-07 18:00:00,0.085,18
2017-08-08 00:00:00,0.235,24
2017-08-08 00:00:00,0.235,0
2017-08-08 06:00:00,0.079,6
2017-08-08 12:00:00,0.031,12
2017-08-08 18:00:00,0.18,18
2017-08-09 00:00:00,0.265,24
2017-08-09 00:00:00,0.265,0
2017-08-09 06:00:00,0.162,6
2017-08-09 12:00:00,0.128,12
2017-08-09 18:00:00,0.1,18
2017-08-10 00:00:00,0.203,24
2017-08-10 00:00:00,0.203,0
2017-08-10 06:00:00,0.072,6
2017-08-10 12:00:00,0.203,12
2017-08-10 18:00:00,0.234,18
2017-08-11 00:00:00,0.106,24
2017-08-11 00:00:00,0.106,0
2017-08-11 06:00:00,0.104,6
2017-08-11 12:00:00,0.138,12
2017-08-11 18:00:00,0.155,18
2017-08-12 00:00:00,0.213,24
2017-08-12 00:00:00,0.213,0
2017-08-12 06:00:00,0.2,6
2017-08-12 12:00:00,0.433,12
2017-08-12 18:00:00,0.353,18
2017-08-13 00:00:00,0.358,24
2017-08-13 00:00:00,0.358,0
2017-08-13 06:00:00,0.035,6
2017-08-13 12:00:00,0.091,12
2017-08-13 18:00:00,0.055,18
2017-08-14 00:00:00,0.103,24
2017-08-14 00:00:00,0.103,0
2017-08-14 06:00:00,0.059,6
2017-08-14 12:00:00,0.051,12
2017-08-14 18:00:00,0.269,18
2017-08-15 00:00:00,0.328,24
2017-08-15 00:00:00,0.328,0
2017-08-15 06:00:00,0.119,6
2017-08-15 12:00:00,0.123,12
2017-08-15 18:00:00,0.194,18
2017-08-16 00:00:00,0.183,24
2017-08-16 00:00:00,0.183,0
2017-08-16 06:00:00,0.057,6
2017-08-16 12:00:00,0.038,12
2017-08-16 18:00:00,0.038,18
2017-08-17 00:00:00,0.155,24
2017-08-17 00:00:00,0.155,0
2017-08-17 06:00:00,0.071,6
2017-08-17 12:00:00,0.245,12
2017-08-17 18:00:00,0.241,18
2017-08-18 00:00:00,0.235,24
2017-08-18 00:00:00,0.235,0
2017-08-18 06:00:00,0.108,6
2017-08-18 12:00:00,0.329,12
2017-08-18 18:00:00,0.139,18
2017-08-19 00:00:00,0.248,24
2017-08-19 00:00:00,0.248,0
2017-08-19 06:00:00,0.328,6
2017-08-19 12:00:00,0.424,12
2017-08-19 18:00:00,0.267,18
2017-08-20 00:00:00,0.183,24
2017-08-20 00:00:00,0.183,0
2017-08-20 06:00:00,0.142,6
2017-08-20 12:00:00,0.317,12
2017-08-20 18:00:00,0.211,18
2017-08-21 00:00:00,0.135,24
2017-08-21 00:00:00,0.135,0
2017-08-21 06:00:00,0.077,6
2017-08-21 12:00:00,0.156,12
2017-08-21 18:00:00,0.062,18
2017-08-22 00:00:00,0.011,24
2017-08-22 00:00:00,0.011,0
2017-08-22 06:00:00,0.014,6
2017-08-22 12:00:00,0.079,12
2017-08-22 18:00:00,0.117,18
2017-08-23 00:00:00,0.106,24
2017-08-23 00:00:00,0.106,0
2017-08-23 06:00:00,0.035,6
2017-08-23 12:00:00,0.001,12
2017-08-23 18:00:00,0.036,18
2017-08-24 00:00:00,0.246,24
2017-08-24 00:00:00,0.246,0
2017-08-24 06:00:00,0.104,6
2017-08-24 12:00:00,0.219,12
2017-08-24 18:00:00,0.133,18
2017-08-25 00:00:00,0.1,24
2017-08-25 00:00:00,0.1,0
2017-08-25 06:00:00,0.012,6
2017-08-25 12:00:00,0.034,12
2017-08-25 18:00:00,0.096,18
2017-08-26 00:00:00,0.144,24
2017-08-26 00:00:00,0.144,0
2017-08-26 06:00:00,0.029,6
2017-08-26 12:00:00,0.177,12
2017-08-26 18:00:00,0.177,18
2017-08-27 00:00:00,0.142,24
2017-08-27 00:00:00,0.142,0
2017-08-27 06:00:00,0.046,6
2017-08-27 12:00:00,0.118,12
2017-08-27 18:00:00,0.121,18
2017-08-28 00:00:00,0.031,24
2017-08-28 00:00:00,0.031,0
2017-08-28 06:00:00,0.021,6
2017-08-28 12:00:00,0.006,12
2017-08-28 18:00:00,0.109,18
2017-08-29 00:00:00,0.205,24
2017-08-29 00:00:00,0.205,0
2017-08-29 06:00:00,0.043,6
2017-08-29 12:00:00,0.059,12
2017-08-29 18:00:00,0.011,18
2017-08-30 00:00:00,0.251,24
2017-08-30 00:00:00,0.251,0
2017-08-30 06:00:00,0.174,6
2017-08-30 12:00:00,0.299,12
2017-08-30 18:00:00,0.251,18
2017-08-31 00:00:00,0.267,24
2017-08-31 00:00:00,0.267,0
2017-08-31 06:00:00,0.27,6
2017-08-31 12:00:00,0.308,12
2017-08-31 18:00:00,0.137,18
2017-09-01 00:00:00,0.034,24
2017-09-01 00:00:00,0.034,0
2017-09-01 06:00:00,0.031,6
2017-09-01 12:00:00,0.039,12
2017-09-01 18:00:00,0.033,18
2017-09-02 00:00:00,0.019,24
2017-09-02 00:00:00,0.019,0
2017-09-02 06:00:00,0.019,6
2017-09-02 12:00:00,0.026,12
2017-09-02 18:00:00,0.053,18
2017-09-03 00:00:00,0.045,24
2017-09-03 00:00:00,0.045,0
2017-09-03 06:00:00,0.011,6
2017-09-03 12:00:00,0.014,12
2017-09-03 18:00:00,0.005,18
2017-09-04 00:00:00,0.054,24
2017-09-04 00:00:00,0.054,0
2017-09-04 06:00:00,0.05,6
2017-09-04 12:00:00,0.065,12
2017-09-04 18:00:00,0.044,18
2017-09-05 00:00:00,0.133,24
2017-09-05 00:00:00,0.133,0
2017-09-05 06:00:00,0.092,6
2017-09-05 12:00:00,0.093,12
2017-09-05 18:00:00,0.167,18
2017-09-06 00:00:00,0.284,24
2017-09-06 00:00:00,0.284,0
2017-09-06 06:00:00,0.193,6
2017-09-06 12:00:00,0.703,12
2017-09-06 18:00:00,0.425,18
2017-09-07 00:00:00,0.311,24
2017-09-07 00:00:00,0.311,0
2017-09-07 06:00:00,0.254,6
2017-09-07 12:00:00,0.364,12
2017-09-07 18:00:00,0.182,18
2017-09-08 00:00:00,0.353,24
2017-09-08 00:00:00,0.353,0
2017-09-08 06:00:00,0.343,6
2017-09-08 12:00:00,0.705,12
2017-09-08 18:00:00,0.509,18
2017-09-09 00:00:00,0.452,24
2017-09-09 00:00:00,0.452,0
2017-09-09 06:00:00,0.432,6
2017-09-09 12:00:00,0.588,12
2017-09-09 18:00:00,0.302,18
2017-09-10 00:00:00,0.182,24
2017-09-10 00:00:00,0.182,0
2017-09-10 06:00:00,0.083,6
2017-09-10 12:00:00,0.208,12
2017-09-10 18:00:00,0.295,18
2017-09-11 00:00:00,0.352,24
2017-09-11 00:00:00,0.352,0
2017-09-11 06:00:00,0.343,6
2017-09-11 12:00:00,0.459,12
2017-09-11 18:00:00,0.399,18
2017-09-12 00:00:00,0.386,24
2017-09-12 00:00:00,0.386,0
2017-09-12 06:00:00,0.269,6
2017-09-12 12:00:00,0.401,12
2017-09-12 18:00:00,0.364,18
2017-09-13 00:00:00,0.363,24
2017-09-13 00:00:00,0.363,0
2017-09-13 06:00:00,0.802,6
2017-09-13 12:00:00,0.95,12
2017-09-13 18:00:00,0.667,18
2017-09-14 00:00:00,0.16,24
2017-09-14 00:00:00,0.16,0
2017-09-14 06:00:00,0.372,6
2017-09-14 12:00:00,0.755,12
2017-09-14 18:00:00,0.8,18
2017-09-15 00:00:00,0.462,24
2017-09-15 00:00:00,0.462,0
2017-09-15 06:00:00,0.173,6
2017-09-15 12:00:00,0.262,12
2017-09-15 18:00:00,0.252,18
2017-09-16 00:00:00,0.199,24
2017-09-16 00:00:00,0.199,0
2017-09-16 06:00:00,0.057,6
2017-09-16 12:00:00,0.076,12
2017-09-16 18:00:00,0.089,18
2017-09-17 00:00:00,0.11,24
2017-09-17 00:00:00,0.11,0
2017-09-17 06:00:00,0.048,6
2017-09-17 12:00:00,0.029,12
2017-09-17 18:00:00,0.069,18
2017-09-18 00:00:00,0.089,24
2017-09-18 00:00:00,0.089,0
2017-09-18 06:00:00,0.09,6
2017-09-18 12:00:00,0.132,12
2017-09-18 18:00:00,0.154,18
2017-09-19 00:00:00,0.162,24
2017-09-19 00:00:00,0.162,0
2017-09-19 06:00:00,0.073,6
2017-09-19 12:00:00,0.033,12
2017-09-19 18:00:00,0.093,18
2017-09-20 00:00:00,0.119,24
2017-09-20 00:00:00,0.119,0
2017-09-20 06:00:00,0.076,6
2017-09-20 12:00:00,0.135,12
2017-09-20 18:00:00,0.083,18
2017-09-21 00:00:00,0.122,24
2017-09-21 00:00:00,0.122,0
2017-09-21 06:00:00,0.059,6
2017-09-21 12:00:00,0.006,12
2017-09-21 18:00:00,0.004,18
2017-09-22 00:00:00,0.008,24
2017-09-22 00:00:00,0.008,0
2017-09-22 06:00:00,0.028,6
2017-09-22 12:00:00,0.021,12
2017-09-22 18:00:00,0.004,18
2017-09-23 00:00:00,0.04,24
2017-09-23 00:00:00,0.04,0
2017-09-23 06:00:00,0.049,6
2017-09-23 12:00:00,0.031,12
2017-09-23 18:00:00,0.126,18
2017-09-24 00:00:00,0.029,24
2017-09-24 00:00:00,0.029,0
2017-09-24 06:00:00,0.003,6
2017-09-24 12:00:00,0.032,12
2017-09-24 18:00:00,0.034,18
2017-09-25 00:00:00,0.033,24
2017-09-25 00:00:00,0.033,0
2017-09-25 06:00:00,0.03,6
2017-09-25 12:00:00,0.061,12
2017-09-25 18:00:00,0.147,18
2017-09-26 00:00:00,0.071,24
2017-09-26 00:00:00,0.071,0
2017-09-26 06:00:00,0.039,6
2017-09-26 12:00:00,0.064,12
2017-09-26 18:00:00,0.179,18
2017-09-27 00:00:00,0.099,24
2017-09-27 00:00:00,0.099,0
2017-09-27 06:00:00,0.036,6
2017-09-27 12:00:00,0.071,12
2017-09-27 18:00:00,0.034,18
2017-09-28 00:00:00,0.062,24
2017-09-28 00:00:00,0.062,0
2017-09-28 06:00:00,0.133,6
2017-09-28 12:00:00,0.071,12
2017-09-28 18:00:00,0.119,18
2017-09-29 00:00:00,0.133,24
2017-09-29 00:00:00,0.133,0
2017-09-29 06:00:00,0.11,6
2017-09-29 12:00:00,0.1,12
2017-09-29 18:00:00,0.144,18
2017-09-30 00:00:00,0.203,24
2017-09-30 00:00:00,0.203,0
2017-09-30 06:00:00,0.119,6
2017-09-30 12:00:00,0.175,12
2017-09-30 18:00:00,0.082,18
2017-10-01 00:00:00,0.152,24
2017-10-01 00:00:00,0.152,0
2017-10-01 06:00:00,0.057,6
2017-10-01 12:00:00,0.021,12
2017-10-01 18:00:00,0.16,18
2017-10-02 00:00:00,0.334,24
2017-10-02 00:00:00,0.334,0
2017-10-02 06:00:00,0.379,6
2017-10-02 12:00:00,0.48,12
2017-10-02 18:00:00,0.361,18
2017-10-03 00:00:00,0.302,24
2017-10-03 00:00:00,0.302,0
2017-10-03 06:00:00,0.181,6
2017-10-03 12:00:00,0.447,12
2017-10-03 18:00:00,0.343,18
2017-10-04 00:00:00,0.24,24
2017-10-04 00:00:00,0.24,0
2017-10-04 06:00:00,0.283,6
2017-10-04 12:00:00,0.552,12
2017-10-04 18:00:00,0.572,18
2017-10-05 00:00:00,0.49,24
2017-10-05 00:00:00,0.49,0
2017-10-05 06:00:00,0.813,6
2017-10-05 12:00:00,0.946,12
2017-10-05 18:00:00,0.61,18
2017-10-06 00:00:00,0.578,24
2017-10-06 00:00:00,0.578,0
2017-10-06 06:00:00,0.491,6
2017-10-06 12:00:00,0.636,12
2017-10-06 18:00:00,0.485,18
2017-10-07 00:00:00,0.355,24
2017-10-07 00:00:00,0.355,0
2017-10-07 06:00:00,0.289,6
2017-10-07 12:00:00,0.674,12
2017-10-07 18:00:00,0.738,18
2017-10-08 00:00:00,0.494,24
2017-10-08 00:00:00,0.494,0
2017-10-08 06:00:00,0.367,6
2017-10-08 12:00:00,0.326,12
2017-10-08 18:00:00,0.176,18
2017-10-09 00:00:00,0.146,24
2017-10-09 00:00:00,0.146,0
2017-10-09 06:00:00,0.056,6
2017-10-09 12:00:00,0.227,12
2017-10-09 18:00:00,0.22,18
2017-10-10 00:00:00,0.254,24
2017-10-10 00:00:00,0.254,0
2017-10-10 06:00:00,0.228,6
2017-10-10 12:00:00,0.372,12
2017-10-10 18:00:00,0.351,18
2017-10-11 00:00:00,0.364,24
2017-10-11 00:00:00,0.364,0
2017-10-11 06:00:00,0.38,6
2017-10-11 12:00:00,0.48,12
2017-10-11 18:00:00,0.479,18
2017-10-12 00:00:00,0.405,24
2017-10-12 00:00:00,0.405,0
2017-10-12 06:00:00,0.454,6
2017-10-12 12:00:00,0.647,12
2017-10-12 18:00:00,0.364,18
2017-10-13 00:00:00,0.305,24
2017-10-13 00:00:00,0.305,0
2017-10-13 06:00:00,0.245,6
2017-10-13 12:00:00,0.366,12
2017-10-13 18:00:00,0.223,18
2017-10-14 00:00:00,0.281,24
2017-10-14 00:00:00,0.281,0
2017-10-14 06:00:00,0.233,6
2017-10-14 12:00:00,0.164,12
2017-10-14 18:00:00,0.146,18
2017-10-15 00:00:00,0.185,24
2017-10-15 00:00:00,0.185,0
2017-10-15 06:00:00,0.155,6
2017-10-15 12:00:00,0.167,12
2017-10-15 18:00:00,0.31,18
2017-10-16 00:00:00,0.308,24
2017-10-16 00:00:00,0.308,0
2017-10-16 06:00:00,0.294,6
2017-10-16 12:00:00,0.187,12
2017-10-16 18:00:00,0.34,18
2017-10-17 00:00:00,0.382,24
2017-10-17 00:00:00,0.382,0
2017-10-17 06:00:00,0.261,6
2017-10-17 12:00:00,0.112,12
2017-10-17 18:00:00,0.1,18
2017-10-18 00:00:00,0.093,24
2017-10-18 00:00:00,0.093,0
2017-10-18 06:00:00,0.13,6
2017-10-18 12:00:00,0.059,12
2017-10-18 18:00:00,0.154,18
2017-10-19 00:00:00,0.24,24
2017-10-19 00:00:00,0.24,0
2017-10-19 06:00:00,0.19,6
2017-10-19 12:00:00,0.196,12
2017-10-19 18:00:00,0.346,18
2017-10-20 00:00:00,0.282,24
2017-10-20 00:00:00,0.282,0
2017-10-20 06:00:00,0.273,6
2017-10-20 12:00:00,0.31,12
2017-10-20 18:00:00,0.38,18
2017-10-21 00:00:00,0.289,24
2017-10-21 00:00:00,0.289,0
2017-10-21 06:00:00,0.232,6
2017-10-21 12:00:00,0.27,12
2017-10-21 18:00:00,0.297,18
2017-10-22 00:00:00,0.338,24
2017-10-22 00:00:00,0.338,0
2017-10-22 06:00:00,0.369,6
2017-10-22 12:00:00,0.549,12
2017-10-22 18:00:00,0.275,18
2017-10-23 00:00:00,0.251,24
2017-10-23 00:00:00,0.251,0
2017-10-23 06:00:00,0.291,6
2017-10-23 12:00:00,0.378,12
2017-10-23 18:00:00,0.344,18
2017-10-24 00:00:00,0.2,24
2017-10-24 00:00:00,0.2,0
2017-10-24 06:00:00,0.167,6
2017-10-24 12:00:00,0.298,12
2017-10-24 18:00:00,0.404,18
2017-10-25 00:00:00,0.302,24
2017-10-25 00:00:00,0.302,0
2017-10-25 06:00:00,0.338,6
2017-10-25 12:00:00,0.491,12
2017-10-25 18:00:00,0.316,18
2017-10-26 00:00:00,0.166,24
2017-10-26 00:00:00,0.166,0
2017-10-26 06:00:00,0.163,6
2017-10-26 12:00:00,0.31,12
2017-10-26 18:00:00,0.266,18
2017-10-27 00:00:00,0.264,24
2017-10-27 00:00:00,0.264,0
2017-10-27 06:00:00,0.363,6
2017-10-27 12:00:00,0.652,12
2017-10-27 18:00:00,0.344,18
2017-10-28 00:00:00,0.328,24
2017-10-28 00:00:00,0.328,0
2017-10-28 06:00:00,0.586,6
2017-10-28 12:00:00,0.774,12
2017-10-28 18:00:00,0.782,18
2017-10-29 00:00:00,0.889,24
2017-10-29 00:00:00,0.889,0
2017-10-29 06:00:00,0.959,6
2017-10-29 12:00:00,0.884,12
2017-10-29 18:00:00,0.584,18
2017-10-30 00:00:00,0.408,24
2017-10-30 00:00:00,0.408,0
2017-10-30 06:00:00,0.344,6
2017-10-30 12:00:00,0.347,12
2017-10-30 18:00:00,0.289,18
2017-10-31 00:00:00,0.208,24
2017-10-31 00:00:00,0.208,0
2017-10-31 06:00:00,0.172,6
2017-10-31 12:00:00,0.17,12
2017-10-31 18:00:00,0.325,18
2017-11-01 00:00:00,0.254,24
2017-11-01 00:00:00,0.254,0
2017-11-01 06:00:00,0.332,6
2017-11-01 12:00:00,0.212,12
2017-11-01 18:00:00,0.337,18
2017-11-02 00:00:00,0.266,24
2017-11-02 00:00:00,0.266,0
2017-11-02 06:00:00,0.395,6
2017-11-02 12:00:00,0.415,12
2017-11-02 18:00:00,0.211,18
2017-11-03 00:00:00,0.134,24
2017-11-03 00:00:00,0.134,0
2017-11-03 06:00:00,0.056,6
2017-11-03 12:00:00,0.073,12
2017-11-03 18:00:00,0.144,18
2017-11-04 00:00:00,0.206,24
2017-11-04 00:00:00,0.206,0
2017-11-04 06:00:00,0.168,6
2017-11-04 12:00:00,0.248,12
2017-11-04 18:00:00,0.379,18
2017-11-05 00:00:00,0.242,24
2017-11-05 00:00:00,0.242,0
2017-11-05 06:00:00,0.22,6
2017-11-05 12:00:00,0.227,12
2017-11-05 18:00:00,0.231,18
2017-11-06 00:00:00,0.103,24
2017-11-06 00:00:00,0.103,0
2017-11-06 06:00:00,0.07,6
2017-11-06 12:00:00,0.026,12
2017-11-06 18:00:00,0.093,18
2017-11-07 00:00:00,0.098,24
2017-11-07 00:00:00,0.098,0
2017-11-07 06:00:00,0.136,6
2017-11-07 12:00:00,0.194,12
2017-11-07 18:00:00,0.194,18
2017-11-08 00:00:00,0.113,24
2017-11-08 00:00:00,0.113,0
2017-11-08 06:00:00,0.103,6
2017-11-08 12:00:00,0.041,12
2017-11-08 18:00:00,0.091,18
2017-11-09 00:00:00,0.034,24
2017-11-09 00:00:00,0.034,0
2017-11-09 06:00:00,0.021,6
2017-11-09 12:00:00,0.094,12
2017-11-09 18:00:00,0.258,18
2017-11-10 00:00:00,0.332,24
2017-11-10 00:00:00,0.332,0
2017-11-10 06:00:00,0.425,6
2017-11-10 12:00:00,0.586,12
2017-11-10 18:00:00,0.601,18
2017-11-11 00:00:00,0.444,24
2017-11-11 00:00:00,0.444,0
2017-11-11 06:00:00,0.534,6
2017-11-11 12:00:00,0.484,12
2017-11-11 18:00:00,0.241,18
2017-11-12 00:00:00,0.167,24
2017-11-12 00:00:00,0.167,0
2017-11-12 06:00:00,0.117,6
2017-11-12 12:00:00,0.039,12
2017-11-12 18:00:00,0.048,18
2017-11-13 00:00:00,0.185,24
2017-11-13 00:00:00,0.185,0
2017-11-13 06:00:00,0.161,6
2017-11-13 12:00:00,0.146,12
2017-11-13 18:00:00,0.187,18
2017-11-14 00:00:00,0.079,24
2017-11-14 00:00:00,0.079,0
2017-11-14 06:00:00,0.091,6
2017-11-14 12:00:00,0.249,12
2017-11-14 18:00:00,0.286,18
2017-11-15 00:00:00,0.207,24
2017-11-15 00:00:00,0.207,0
2017-11-15 06:00:00,0.144,6
2017-11-15 12:00:00,0.088,12
2017-11-15 18:00:00,0.083,18
2017-11-16 00:00:00,0.083,24
2017-11-16 00:00:00,0.083,0
2017-11-16 06:00:00,0.092,6
2017-11-16 12:00:00,0.053,12
2017-11-16 18:00:00,0.201,18
2017-11-17 00:00:00,0.168,24
2017-11-17 00:00:00,0.168,0
2017-11-17 06:00:00,0.091,6
2017-11-17 12:00:00,0.02,12
2017-11-17 18:00:00,0.007,18
2017-11-18 00:00:00,0.133,24
2017-11-18 00:00:00,0.133,0
2017-11-18 06:00:00,0.221,6
2017-11-18 12:00:00,0.713,12
2017-11-18 18:00:00,0.475,18
2017-11-19 00:00:00,0.267,24
2017-11-19 00:00:00,0.267,0
2017-11-19 06:00:00,0.349,6
2017-11-19 12:00:00,0.655,12
2017-11-19 18:00:00,0.685,18
2017-11-20 00:00:00,0.528,24
2017-11-20 00:00:00,0.528,0
2017-11-20 06:00:00,0.386,6
2017-11-20 12:00:00,0.37,12
2017-11-20 18:00:00,0.394,18
2017-11-21 00:00:00,0.538,24
2017-11-21 00:00:00,0.538,0
2017-11-21 06:00:00,0.464,6
2017-11-21 12:00:00,0.332,12
2017-11-21 18:00:00,0.501,18
2017-11-22 00:00:00,0.422,24
2017-11-22 00:00:00,0.422,0
2017-11-22 06:00:00,0.432,6
2017-11-22 12:00:00,0.398,12
2017-11-22 18:00:00,0.47,18
2017-11-23 00:00:00,0.476,24
2017-11-23 00:00:00,0.476,0
2017-11-23 06:00:00,0.544,6
2017-11-23 12:00:00,0.523,12
2017-11-23 18:00:00,0.661,18
2017-11-24 00:00:00,0.358,24
2017-11-24 00:00:00,0.358,0
2017-11-24 06:00:00,0.476,6
2017-11-24 12:00:00,0.529,12
2017-11-24 18:00:00,0.159,18
2017-11-25 00:00:00,0.022,24
2017-11-25 00:00:00,0.022,0
2017-11-25 06:00:00,0.009,6
2017-11-25 12:00:00,0.085,12
2017-11-25 18:00:00,0.144,18
2017-11-26 00:00:00,0.192,24
2017-11-26 00:00:00,0.192,0
2017-11-26 06:00:00,0.359,6
2017-11-26 12:00:00,0.473,12
2017-11-26 18:00:00,0.393,18
2017-11-27 00:00:00,0.348,24
2017-11-27 00:00:00,0.348,0
2017-11-27 06:00:00,0.368,6
2017-11-27 12:00:00,0.704,12
2017-11-27 18:00:00,0.804,18
2017-11-28 00:00:00,0.604,24
2017-11-28 00:00:00,0.604,0
2017-11-28 06:00:00,0.305,6
2017-11-28 12:00:00,0.345,12
2017-11-28 18:00:00,0.347,18
2017-11-29 00:00:00,0.248,24
2017-11-29 00:00:00,0.248,0
2017-11-29 06:00:00,0.117,6
2017-11-29 12:00:00,0.061,12
2017-11-29 18:00:00,0.101,18
2017-11-30 00:00:00,0.068,24
2017-11-30 00:00:00,0.068,0
2017-11-30 06:00:00,0.041,6
2017-11-30 12:00:00,0.063,12
2017-11-30 18:00:00,0.16,18
2017-12-01 00:00:00,0.046,24
2017-12-01 00:00:00,0.046,0
2017-12-01 06:00:00,0.003,6
2017-12-01 12:00:00,0.01,12
2017-12-01 18:00:00,0.031,18
2017-12-02 00:00:00,0.005,24
2017-12-02 00:00:00,0.005,0
2017-12-02 06:00:00,0.008,6
2017-12-02 12:00:00,0.003,12
2017-12-02 18:00:00,0.01,18
2017-12-03 00:00:00,0.113,24
2017-12-03 00:00:00,0.113,0
2017-12-03 06:00:00,0.175,6
2017-12-03 12:00:00,0.37,12
2017-12-03 18:00:00,0.307,18
2017-12-04 00:00:00,0.3,24
2017-12-04 00:00:00,0.3,0
2017-12-04 06:00:00,0.507,6
2017-12-04 12:00:00,0.432,12
2017-12-04 18:00:00,0.343,18
2017-12-05 00:00:00,0.338,24
2017-12-05 00:00:00,0.338,0
2017-12-05 06:00:00,0.376,6
2017-12-05 12:00:00,0.391,12
2017-12-05 18:00:00,0.5,18
2017-12-06 00:00:00,0.421,24
2017-12-06 00:00:00,0.421,0
2017-12-06 06:00:00,0.481,6
2017-12-06 12:00:00,0.422,12
2017-12-06 18:00:00,0.386,18
2017-12-07 00:00:00,0.316,24
2017-12-07 00:00:00,0.316,0
2017-12-07 06:00:00,0.389,6
2017-12-07 12:00:00,0.681,12
2017-12-07 18:00:00,0.763,18
2017-12-08 00:00:00,0.555,24
2017-12-08 00:00:00,0.555,0
2017-12-08 06:00:00,0.435,6
2017-12-08 12:00:00,0.525,12
2017-12-08 18:00:00,0.424,18
2017-12-09 00:00:00,0.432,24
2017-12-09 00:00:00,0.432,0
2017-12-09 06:00:00,0.569,6
2017-12-09 12:00:00,0.649,12
2017-12-09 18:00:00,0.436,18
2017-12-10 00:00:00,0.495,24
2017-12-10 00:00:00,0.495,0
2017-12-10 06:00:00,0.449,6
2017-12-10 12:00:00,0.571,12
2017-12-10 18:00:00,0.782,18
2017-12-11 00:00:00,0.87,24
2017-12-11 00:00:00,0.87,0
2017-12-11 06:00:00,0.118,6
2017-12-11 12:00:00,0.265,12
2017-12-11 18:00:00,0.459,18
2017-12-12 00:00:00,0.69,24
2017-12-12 00:00:00,0.69,0
2017-12-12 06:00:00,0.764,6
2017-12-12 12:00:00,0.687,12
2017-12-12 18:00:00,0.361,18
2017-12-13 00:00:00,0.306,24
2017-12-13 00:00:00,0.306,0
2017-12-13 06:00:00,0.498,6
2017-12-13 12:00:00,0.721,12
2017-12-13 18:00:00,0.783,18
2017-12-14 00:00:00,0.794,24
2017-12-14 00:00:00,0.794,0
2017-12-14 06:00:00,0.519,6
2017-12-14 12:00:00,0.742,12
2017-12-14 18:00:00,0.473,18
2017-12-15 00:00:00,0.124,24
2017-12-15 00:00:00,0.124,0
2017-12-15 06:00:00,0.225,6
2017-12-15 12:00:00,0.176,12
2017-12-15 18:00:00,0.058,18
2017-12-16 00:00:00,0.022,24
2017-12-16 00:00:00,0.022,0
2017-12-16 06:00:00,0.114,6
2017-12-16 12:00:00,0.224,12
2017-12-16 18:00:00,0.323,18
2017-12-17 00:00:00,0.32,24
2017-12-17 00:00:00,0.32,0
2017-12-17 06:00:00,0.316,6
2017-12-17 12:00:00,0.233,12
2017-12-17 18:00:00,0.158,18
2017-12-18 00:00:00,0.181,24
2017-12-18 00:00:00,0.181,0
2017-12-18 06:00:00,0.183,6
2017-12-18 12:00:00,0.062,12
2017-12-18 18:00:00,0.048,18
2017-12-19 00:00:00,0.061,24
2017-12-19 00:00:00,0.061,0
2017-12-19 06:00:00,0.117,6
2017-12-19 12:00:00,0.12,12
2017-12-19 18:00:00,0.163,18
2017-12-20 00:00:00,0.097,24
2017-12-20 00:00:00,0.097,0
2017-12-20 06:00:00,0.073,6
2017-12-20 12:00:00,0.103,12
2017-12-20 18:00:00,0.167,18
2017-12-21 00:00:00,0.183,24
2017-12-21 00:00:00,0.183,0
2017-12-21 06:00:00,0.3,6
2017-12-21 12:00:00,0.253,12
2017-12-21 18:00:00,0.206,18
2017-12-22 00:00:00,0.14,24
2017-12-22 00:00:00,0.14,0
2017-12-22 06:00:00,0.13,6
2017-12-22 12:00:00,0.076,12
2017-12-22 18:00:00,0.155,18
2017-12-23 00:00:00,0.286,24
2017-12-23 00:00:00,0.286,0
2017-12-23 06:00:00,0.407,6
2017-12-23 12:00:00,0.618,12
2017-12-23 18:00:00,0.605,18
2017-12-24 00:00:00,0.63,24
2017-12-24 00:00:00,0.63,0
2017-12-24 06:00:00,0.607,6
2017-12-24 12:00:00,0.601,12
2017-12-24 18:00:00,0.59,18
2017-12-25 00:00:00,0.46,24
2017-12-25 00:00:00,0.46,0
2017-12-25 06:00:00,0.348,6
2017-12-25 12:00:00,0.341,12
2017-12-25 18:00:00,0.376,18
2017-12-26 00:00:00,0.459,24
2017-12-26 00:00:00,0.459,0
2017-12-26 06:00:00,0.599,6
2017-12-26 12:00:00,0.759,12
2017-12-26 18:00:00,0.536,18
2017-12-27 00:00:00,0.291,24
2017-12-27 00:00:00,0.291,0
2017-12-27 06:00:00,0.395,6
2017-12-27 12:00:00,0.284,12
2017-12-27 18:00:00,0.261,18
2017-12-28 00:00:00,0.167,24
2017-12-28 00:00:00,0.167,0
2017-12-28 06:00:00,0.227,6
2017-12-28 12:00:00,0.358,12
2017-12-28 18:00:00,0.454,18
2017-12-29 00:00:00,0.4,24
2017-12-29 00:00:00,0.4,0
2017-12-29 06:00:00,0.395,6
2017-12-29 12:00:00,0.425,12
2017-12-29 18:00:00,0.432,18
2017-12-30 00:00:00,0.259,24
2017-12-30 00:00:00,0.259,0
2017-12-30 06:00:00,0.347,6
2017-12-30 12:00:00,0.777,12
2017-12-30 18:00:00,0.807,18
2017-12-31 00:00:00,0.492,24
2017-12-31 00:00:00,0.492,0
2017-12-31 06:00:00,0.722,6
2017-12-31 12:00:00,0.829,12
2017-12-31 18:00:00,0.752,18
2018-01-01 00:00:00,0.739,24
2018-01-01 00:00:00,0.739,0
2018-01-01 06:00:00,0.794,6
2018-01-01 12:00:00,0.655,12
2018-01-01 18:00:00,0.338,18
2018-01-02 00:00:00,0.312,24
2018-01-02 00:00:00,0.312,0
2018-01-02 06:00:00,0.476,6
2018-01-02 12:00:00,0.311,12
2018-01-02 18:00:00,0.332,18
2018-01-03 00:00:00,0.635,24
2018-01-03 00:00:00,0.635,0
2018-01-03 06:00:00,0.931,6
2018-01-03 12:00:00,0.899,12
2018-01-03 18:00:00,0.926,18
2018-01-04 00:00:00,0.847,24
2018-01-04 00:00:00,0.847,0
2018-01-04 06:00:00,0.657,6
2018-01-04 12:00:00,0.383,12
2018-01-04 18:00:00,0.571,18
2018-01-05 00:00:00,0.737,24
2018-01-05 00:00:00,0.737,0
2018-01-05 06:00:00,0.745,6
2018-01-05 12:00:00,0.533,12
2018-01-05 18:00:00,0.293,18
2018-01-06 00:00:00,0.231,24
2018-01-06 00:00:00,0.231,0
2018-01-06 06:00:00,0.141,6
2018-01-06 12:00:00,0.017,12
2018-01-06 18:00:00,0.101,18
2018-01-07 00:00:00,0.274,24
2018-01-07 00:00:00,0.274,0
2018-01-07 06:00:00,0.386,6
2018-01-07 12:00:00,0.547,12
2018-01-07 18:00:00,0.498,18
2018-01-08 00:00:00,0.412,24
2018-01-08 00:00:00,0.412,0
2018-01-08 06:00:00,0.349,6
2018-01-08 12:00:00,0.477,12
2018-01-08 18:00:00,0.415,18
2018-01-09 00:00:00,0.31,24
2018-01-09 00:00:00,0.31,0
2018-01-09 06:00:00,0.285,6
2018-01-09 12:00:00,0.179,12
2018-01-09 18:00:00,0.21,18
2018-01-10 00:00:00,0.096,24
2018-01-10 00:00:00,0.096,0
2018-01-10 06:00:00,0.187,6
2018-01-10 12:00:00,0.152,12
2018-01-10 18:00:00,0.214,18
2018-01-11 00:00:00,0.051,24
2018-01-11 00:00:00,0.051,0
2018-01-11 06:00:00,0.028,6
2018-01-11 12:00:00,0.019,12
2018-01-11 18:00:00,0.006,18
2018-01-12 00:00:00,0.005,24
2018-01-12 00:00:00,0.005,0
2018-01-12 06:00:00,0.009,6
2018-01-12 12:00:00,0.013,12
2018-01-12 18:00:00,0.141,18
2018-01-13 00:00:00,0.093,24
2018-01-13 00:00:00,0.093,0
2018-01-13 06:00:00,0.116,6
2018-01-13 12:00:00,0.124,12
2018-01-13 18:00:00,0.238,18
2018-01-14 00:00:00,0.213,24
2018-01-14 00:00:00,0.213,0
2018-01-14 06:00:00,0.263,6
2018-01-14 12:00:00,0.225,12
2018-01-14 18:00:00,0.282,18
2018-01-15 00:00:00,0.22,24
2018-01-15 00:00:00,0.22,0
2018-01-15 06:00:00,0.41,6
2018-01-15 12:00:00,0.519,12
2018-01-15 18:00:00,0.739,18
2018-01-16 00:00:00,0.816,24
2018-01-16 00:00:00,0.816,0
2018-01-16 06:00:00,0.462,6
2018-01-16 12:00:00,0.779,12
2018-01-16 18:00:00,0.488,18
2018-01-17 00:00:00,0.337,24
2018-01-17 00:00:00,0.337,0
2018-01-17 06:00:00,0.438,6
2018-01-17 12:00:00,0.687,12
2018-01-17 18:00:00,0.75,18
2018-01-18 00:00:00,0.516,24
2018-01-18 00:00:00,0.516,0
2018-01-18 06:00:00,0.71,6
2018-01-18 12:00:00,0.991,12
2018-01-18 18:00:00,0.725,18
2018-01-19 00:00:00,0.237,24
2018-01-19 00:00:00,0.237,0
2018-01-19 06:00:00,0.169,6
2018-01-19 12:00:00,0.28,12
2018-01-19 18:00:00,0.29,18
2018-01-20 00:00:00,0.259,24
2018-01-20 00:00:00,0.259,0
2018-01-20 06:00:00,0.33,6
2018-01-20 12:00:00,0.212,12
2018-01-20 18:00:00,0.19,18
2018-01-21 00:00:00,0.078,24
2018-01-21 00:00:00,0.078,0
2018-01-21 06:00:00,0.126,6
2018-01-21 12:00:00,0.074,12
2018-01-21 18:00:00,0.054,18
2018-01-22 00:00:00,0.174,24
2018-01-22 00:00:00,0.174,0
2018-01-22 06:00:00,0.466,6
2018-01-22 12:00:00,0.202,12
2018-01-22 18:00:00,0.381,18
2018-01-23 00:00:00,0.38,24
2018-01-23 00:00:00,0.38,0
2018-01-23 06:00:00,0.297,6
2018-01-23 12:00:00,0.264,12
2018-01-23 18:00:00,0.46,18
2018-01-24 00:00:00,0.635,24
2018-01-24 00:00:00,0.635,0
2018-01-24 06:00:00,0.547,6
2018-01-24 12:00:00,0.479,12
2018-01-24 18:00:00,0.64,18
2018-01-25 00:00:00,0.584,24
2018-01-25 00:00:00,0.584,0
2018-01-25 06:00:00,0.481,6
2018-01-25 12:00:00,0.204,12
2018-01-25 18:00:00,0.278,18
2018-01-26 00:00:00,0.124,24
2018-01-26 00:00:00,0.124,0
2018-01-26 06:00:00,0.058,6
2018-01-26 12:00:00,0.058,12
2018-01-26 18:00:00,0.037,18
2018-01-27 00:00:00,0.045,24
2018-01-27 00:00:00,0.045,0
2018-01-27 06:00:00,0.008,6
2018-01-27 12:00:00,0.071,12
2018-01-27 18:00:00,0.358,18
2018-01-28 00:00:00,0.594,24
2018-01-28 00:00:00,0.594,0
2018-01-28 06:00:00,0.657,6
2018-01-28 12:00:00,0.54,12
2018-01-28 18:00:00,0.655,18
2018-01-29 00:00:00,0.561,24
2018-01-29 00:00:00,0.561,0
2018-01-29 06:00:00,0.645,6
2018-01-29 12:00:00,0.78,12
2018-01-29 18:00:00,0.875,18
2018-01-30 00:00:00,0.483,24
2018-01-30 00:00:00,0.483,0
2018-01-30 06:00:00,0.307,6
2018-01-30 12:00:00,0.267,12
2018-01-30 18:00:00,0.251,18
2018-01-31 00:00:00,0.315,24
2018-01-31 00:00:00,0.315,0
2018-01-31 06:00:00,0.661,6
2018-01-31 12:00:00,0.732,12
2018-01-31 18:00:00,0.806,18
2018-02-01 00:00:00,0.252,24
2018-02-01 00:00:00,0.252,0
2018-02-01 06:00:00,0.295,6
2018-02-01 12:00:00,0.369,12
2018-02-01 18:00:00,0.422,18
2018-02-02 00:00:00,0.283,24
2018-02-02 00:00:00,0.283,0
2018-02-02 06:00:00,0.391,6
2018-02-02 12:00:00,0.456,12
2018-02-02 18:00:00,0.311,18
2018-02-03 00:00:00,0.245,24
2018-02-03 00:00:00,0.245,0
2018-02-03 06:00:00,0.148,6
2018-02-03 12:00:00,0.112,12
2018-02-03 18:00:00,0.099,18
2018-02-04 00:00:00,0.065,24
2018-02-04 00:00:00,0.065,0
2018-02-04 06:00:00,0.163,6
2018-02-04 12:00:00,0.17,12
2018-02-04 18:00:00,0.236,18
2018-02-05 00:00:00,0.096,24
2018-02-05 00:00:00,0.096,0
2018-02-05 06:00:00,0.134,6
2018-02-05 12:00:00,0.229,12
2018-02-05 18:00:00,0.243,18
2018-02-06 00:00:00,0.149,24
2018-02-06 00:00:00,0.149,0
2018-02-06 06:00:00,0.102,6
2018-02-06 12:00:00,0.083,12
2018-02-06 18:00:00,0.114,18
2018-02-07 00:00:00,0.076,24
2018-02-07 00:00:00,0.076,0
2018-02-07 06:00:00,0.079,6
2018-02-07 12:00:00,0.093,12
2018-02-07 18:00:00,0.145,18
2018-02-08 00:00:00,0.063,24
2018-02-08 00:00:00,0.063,0
2018-02-08 06:00:00,0.023,6
2018-02-08 12:00:00,0.001,12
2018-02-08 18:00:00,0.031,18
2018-02-09 00:00:00,0.067,24
2018-02-09 00:00:00,0.067,0
2018-02-09 06:00:00,0.093,6
2018-02-09 12:00:00,0.189,12
2018-02-09 18:00:00,0.161,18
2018-02-10 00:00:00,0.109,24
2018-02-10 00:00:00,0.109,0
2018-02-10 06:00:00,0.093,6
2018-02-10 12:00:00,0.208,12
2018-02-10 18:00:00,0.262,18
2018-02-11 00:00:00,0.249,24
2018-02-11 00:00:00,0.249,0
2018-02-11 06:00:00,0.548,6
2018-02-11 12:00:00,0.582,12
2018-02-11 18:00:00,0.391,18
2018-02-12 00:00:00,0.274,24
2018-02-12 00:00:00,0.274,0
2018-02-12 06:00:00,0.297,6
2018-02-12 12:00:00,0.261,12
2018-02-12 18:00:00,0.228,18
2018-02-13 00:00:00,0.19,24
2018-02-13 00:00:00,0.19,0
2018-02-13 06:00:00,0.185,6
2018-02-13 12:00:00,0.113,12
2018-02-13 18:00:00,0.206,18
2018-02-14 00:00:00,0.136,24
2018-02-14 00:00:00,0.136,0
2018-02-14 06:00:00,0.17,6
2018-02-14 12:00:00,0.102,12
2018-02-14 18:00:00,0.233,18
2018-02-15 00:00:00,0.347,24
2018-02-15 00:00:00,0.347,0
2018-02-15 06:00:00,0.374,6
2018-02-15 12:00:00,0.515,12
2018-02-15 18:00:00,0.362,18
2018-02-16 00:00:00,0.194,24
2018-02-16 00:00:00,0.194,0
2018-02-16 06:00:00,0.192,6
2018-02-16 12:00:00,0.325,12
2018-02-16 18:00:00,0.107,18
2018-02-17 00:00:00,0.05,24
2018-02-17 00:00:00,0.05,0
2018-02-17 06:00:00,0.046,6
2018-02-17 12:00:00,0.144,12
2018-02-17 18:00:00,0.175,18
2018-02-18 00:00:00,0.063,24
2018-02-18 00:00:00,0.063,0
2018-02-18 06:00:00,0.039,6
2018-02-18 12:00:00,0.068,12
2018-02-18 18:00:00,0.134,18
2018-02-19 00:00:00,0.113,24
2018-02-19 00:00:00,0.113,0
2018-02-19 06:00:00,0.094,6
2018-02-19 12:00:00,0.007,12
2018-02-19 18:00:00,0.047,18
2018-02-20 00:00:00,0.046,24
2018-02-20 00:00:00,0.046,0
2018-02-20 06:00:00,0.096,6
2018-02-20 12:00:00,0.089,12
2018-02-20 18:00:00,0.249,18
2018-02-21 00:00:00,0.197,24
2018-02-21 00:00:00,0.197,0
2018-02-21 06:00:00,0.132,6
2018-02-21 12:00:00,0.248,12
2018-02-21 18:00:00,0.243,18
2018-02-22 00:00:00,0.249,24
2018-02-22 00:00:00,0.249,0
2018-02-22 06:00:00,0.176,6
2018-02-22 12:00:00,0.479,12
2018-02-22 18:00:00,0.345,18
2018-02-23 00:00:00,0.294,24
2018-02-23 00:00:00,0.294,0
2018-02-23 06:00:00,0.272,6
2018-02-23 12:00:00,0.453,12
2018-02-23 18:00:00,0.434,18
2018-02-24 00:00:00,0.328,24
2018-02-24 00:00:00,0.328,0
2018-02-24 06:00:00,0.305,6
2018-02-24 12:00:00,0.644,12
2018-02-24 18:00:00,0.556,18
2018-02-25 00:00:00,0.305,24
2018-02-25 00:00:00,0.305,0
2018-02-25 06:00:00,0.247,6
2018-02-25 12:00:00,0.394,12
2018-02-25 18:00:00,0.283,18
2018-02-26 00:00:00,0.22,24
2018-02-26 00:00:00,0.22,0
2018-02-26 06:00:00,0.251,6
2018-02-26 12:00:00,0.469,12
2018-02-26 18:00:00,0.318,18
2018-02-27 00:00:00,0.259,24
2018-02-27 00:00:00,0.259,0
2018-02-27 06:00:00,0.2,6
2018-02-27 12:00:00,0.305,12
2018-02-27 18:00:00,0.219,18
2018-02-28 00:00:00,0.246,24
2018-02-28 00:00:00,0.246,0
2018-02-28 06:00:00,0.245,6
2018-02-28 12:00:00,0.376,12
2018-02-28 18:00:00,0.447,18
2018-03-01 00:00:00,0.469,24
2018-03-01 00:00:00,0.469,0
2018-03-01 06:00:00,0.448,6
2018-03-01 12:00:00,0.644,12
2018-03-01 18:00:00,0.566,18
2018-03-02 00:00:00,0.285,24
2018-03-02 00:00:00,0.285,0
2018-03-02 06:00:00,0.379,6
2018-03-02 12:00:00,0.492,12
2018-03-02 18:00:00,0.345,18
2018-03-03 00:00:00,0.156,24
2018-03-03 00:00:00,0.156,0
2018-03-03 06:00:00,0.163,6
2018-03-03 12:00:00,0.243,12
2018-03-03 18:00:00,0.305,18
2018-03-04 00:00:00,0.147,24
2018-03-04 00:00:00,0.147,0
2018-03-04 06:00:00,0.194,6
2018-03-04 12:00:00,0.153,12
2018-03-04 18:00:00,0.328,18
2018-03-05 00:00:00,0.336,24
2018-03-05 00:00:00,0.336,0
2018-03-05 06:00:00,0.206,6
2018-03-05 12:00:00,0.08,12
2018-03-05 18:00:00,0.185,18
2018-03-06 00:00:00,0.074,24
2018-03-06 00:00:00,0.074,0
2018-03-06 06:00:00,0.048,6
2018-03-06 12:00:00,0.017,12
2018-03-06 18:00:00,0.021,18
2018-03-07 00:00:00,0.017,24
2018-03-07 00:00:00,0.017,0
2018-03-07 06:00:00,0.126,6
2018-03-07 12:00:00,0.401,12
2018-03-07 18:00:00,0.466,18
2018-03-08 00:00:00,0.426,24
2018-03-08 00:00:00,0.426,0
2018-03-08 06:00:00,0.422,6
2018-03-08 12:00:00,0.494,12
2018-03-08 18:00:00,0.501,18
2018-03-09 00:00:00,0.39,24
2018-03-09 00:00:00,0.39,0
2018-03-09 06:00:00,0.353,6
2018-03-09 12:00:00,0.255,12
2018-03-09 18:00:00,0.167,18
2018-03-10 00:00:00,0.25,24
2018-03-10 00:00:00,0.25,0
2018-03-10 06:00:00,0.31,6
2018-03-10 12:00:00,0.344,12
2018-03-10 18:00:00,0.332,18
2018-03-11 00:00:00,0.286,24
2018-03-11 00:00:00,0.286,0
2018-03-11 06:00:00,0.212,6
2018-03-11 12:00:00,0.241,12
2018-03-11 18:00:00,0.177,18
2018-03-12 00:00:00,0.101,24
2018-03-12 00:00:00,0.101,0
2018-03-12 06:00:00,0.156,6
2018-03-12 12:00:00,0.231,12
2018-03-12 18:00:00,0.469,18
2018-03-13 00:00:00,0.432,24
2018-03-13 00:00:00,0.432,0
2018-03-13 06:00:00,0.55,6
2018-03-13 12:00:00,0.603,12
2018-03-13 18:00:00,0.323,18
2018-03-14 00:00:00,0.18,24
2018-03-14 00:00:00,0.18,0
2018-03-14 06:00:00,0.157,6
2018-03-14 12:00:00,0.056,12
2018-03-14 18:00:00,0.184,18
2018-03-15 00:00:00,0.296,24
2018-03-15 00:00:00,0.296,0
2018-03-15 06:00:00,0.212,6
2018-03-15 12:00:00,0.472,12
2018-03-15 18:00:00,0.432,18
2018-03-16 00:00:00,0.174,24
2018-03-16 00:00:00,0.174,0
2018-03-16 06:00:00,0.051,6
2018-03-16 12:00:00,0.133,12
2018-03-16 18:00:00,0.376,18
2018-03-17 00:00:00,0.541,24
2018-03-17 00:00:00,0.541,0
2018-03-17 06:00:00,0.782,6
2018-03-17 12:00:00,0.805,12
2018-03-17 18:00:00,0.819,18
2018-03-18 00:00:00,0.825,24
2018-03-18 00:00:00,0.825,0
2018-03-18 06:00:00,0.834,6
2018-03-18 12:00:00,0.791,12
2018-03-18 18:00:00,0.583,18
2018-03-19 00:00:00,0.337,24
2018-03-19 00:00:00,0.337,0
2018-03-19 06:00:00,0.279,6
2018-03-19 12:00:00,0.367,12
2018-03-19 18:00:00,0.167,18
2018-03-20 00:00:00,0.101,24
2018-03-20 00:00:00,0.101,0
2018-03-20 06:00:00,0.163,6
2018-03-20 12:00:00,0.501,12
2018-03-20 18:00:00,0.368,18
2018-03-21 00:00:00,0.105,24
2018-03-21 00:00:00,0.105,0
2018-03-21 06:00:00,0.02,6
2018-03-21 12:00:00,0.037,12
2018-03-21 18:00:00,0.1,18
2018-03-22 00:00:00,0.212,24
2018-03-22 00:00:00,0.212,0
2018-03-22 06:00:00,0.294,6
2018-03-22 12:00:00,0.526,12
2018-03-22 18:00:00,0.243,18
2018-03-23 00:00:00,0.138,24
2018-03-23 00:00:00,0.138,0
2018-03-23 06:00:00,0.055,6
2018-03-23 12:00:00,0.047,12
2018-03-23 18:00:00,0.065,18
2018-03-24 00:00:00,0.088,24
2018-03-24 00:00:00,0.088,0
2018-03-24 06:00:00,0.019,6
2018-03-24 12:00:00,0.056,12
2018-03-24 18:00:00,0.163,18
2018-03-25 00:00:00,0.161,24
2018-03-25 00:00:00,0.161,0
2018-03-25 06:00:00,0.021,6
2018-03-25 12:00:00,0.007,12
2018-03-25 18:00:00,0.179,18
2018-03-26 00:00:00,0.05,24
2018-03-26 00:00:00,0.05,0
2018-03-26 06:00:00,0.095,6
2018-03-26 12:00:00,0.118,12
2018-03-26 18:00:00,0.121,18
2018-03-27 00:00:00,0.032,24
2018-03-27 00:00:00,0.032,0
2018-03-27 06:00:00,0.005,6
2018-03-27 12:00:00,0.054,12
2018-03-27 18:00:00,0.184,18
2018-03-28 00:00:00,0.233,24
2018-03-28 00:00:00,0.233,0
2018-03-28 06:00:00,0.163,6
2018-03-28 12:00:00,0.113,12
2018-03-28 18:00:00,0.226,18
2018-03-29 00:00:00,0.703,24
2018-03-29 00:00:00,0.703,0
2018-03-29 06:00:00,0.415,6
2018-03-29 12:00:00,0.346,12
2018-03-29 18:00:00,0.163,18
2018-03-30 00:00:00,0.22,24
2018-03-30 00:00:00,0.22,0
2018-03-30 06:00:00,0.12,6
2018-03-30 12:00:00,0.191,12
2018-03-30 18:00:00,0.43,18
2018-03-31 00:00:00,0.11,24
2018-03-31 00:00:00,0.11,0
2018-03-31 06:00:00,0.169,6
2018-03-31 12:00:00,0.362,12
2018-03-31 18:00:00,0.163,18
2018-04-01 00:00:00,0.139,24
2018-04-01 00:00:00,0.139,0
2018-04-01 06:00:00,0.105,6
2018-04-01 12:00:00,0.334,12
2018-04-01 18:00:00,0.284,18
2018-04-02 00:00:00,0.199,24
2018-04-02 00:00:00,0.199,0
2018-04-02 06:00:00,0.071,6
2018-04-02 12:00:00,0.166,12
2018-04-02 18:00:00,0.337,18
2018-04-03 00:00:00,0.479,24
2018-04-03 00:00:00,0.479,0
2018-04-03 06:00:00,0.521,6
2018-04-03 12:00:00,0.371,12
2018-04-03 18:00:00,0.341,18
2018-04-04 00:00:00,0.395,24
2018-04-04 00:00:00,0.395,0
2018-04-04 06:00:00,0.172,6
2018-04-04 12:00:00,0.311,12
2018-04-04 18:00:00,0.362,18
2018-04-05 00:00:00,0.339,24
2018-04-05 00:00:00,0.339,0
2018-04-05 06:00:00,0.523,6
2018-04-05 12:00:00,0.705,12
2018-04-05 18:00:00,0.536,18
2018-04-06 00:00:00,0.071,24
2018-04-06 00:00:00,0.071,0
2018-04-06 06:00:00,0.055,6
2018-04-06 12:00:00,0.15,12
2018-04-06 18:00:00,0.373,18
2018-04-07 00:00:00,0.422,24
2018-04-07 00:00:00,0.422,0
2018-04-07 06:00:00,0.202,6
2018-04-07 12:00:00,0.228,12
2018-04-07 18:00:00,0.315,18
2018-04-08 00:00:00,0.355,24
2018-04-08 00:00:00,0.355,0
2018-04-08 06:00:00,0.128,6
2018-04-08 12:00:00,0.016,12
2018-04-08 18:00:00,0.141,18
2018-04-09 00:00:00,0.217,24
2018-04-09 00:00:00,0.217,0
2018-04-09 06:00:00,0.064,6
2018-04-09 12:00:00,0.093,12
2018-04-09 18:00:00,0.269,18
2018-04-10 00:00:00,0.074,24
2018-04-10 00:00:00,0.074,0
2018-04-10 06:00:00,0.019,6
2018-04-10 12:00:00,0.116,12
2018-04-10 18:00:00,0.383,18
2018-04-11 00:00:00,0.144,24
2018-04-11 00:00:00,0.144,0
2018-04-11 06:00:00,0.093,6
2018-04-11 12:00:00,0.088,12
2018-04-11 18:00:00,0.271,18
2018-04-12 00:00:00,0.294,24
2018-04-12 00:00:00,0.294,0
2018-04-12 06:00:00,0.201,6
2018-04-12 12:00:00,0.21,12
2018-04-12 18:00:00,0.058,18
2018-04-13 00:00:00,0.103,24
2018-04-13 00:00:00,0.103,0
2018-04-13 06:00:00,0.003,6
2018-04-13 12:00:00,0.024,12
2018-04-13 18:00:00,0.502,18
2018-04-14 00:00:00,0.342,24
2018-04-14 00:00:00,0.342,0
2018-04-14 06:00:00,0.245,6
2018-04-14 12:00:00,0.251,12
2018-04-14 18:00:00,0.023,18
2018-04-15 00:00:00,0.051,24
2018-04-15 00:00:00,0.051,0
2018-04-15 06:00:00,0.011,6
2018-04-15 12:00:00,0.006,12
2018-04-15 18:00:00,0.048,18
2018-04-16 00:00:00,0.084,24
2018-04-16 00:00:00,0.084,0
2018-04-16 06:00:00,0.005,6
2018-04-16 12:00:00,0.07,12
2018-04-16 18:00:00,0.117,18
2018-04-17 00:00:00,0.115,24
2018-04-17 00:00:00,0.115,0
2018-04-17 06:00:00,0.025,6
2018-04-17 12:00:00,0.018,12
2018-04-17 18:00:00,0.013,18
2018-04-18 00:00:00,0.153,24
2018-04-18 00:00:00,0.153,0
2018-04-18 06:00:00,0.043,6
2018-04-18 12:00:00,0.005,12
2018-04-18 18:00:00,0.093,18
2018-04-19 00:00:00,0.222,24
2018-04-19 00:00:00,0.222,0
2018-04-19 06:00:00,0.096,6
2018-04-19 12:00:00,0.076,12
2018-04-19 18:00:00,0.245,18
2018-04-20 00:00:00,0.253,24
2018-04-20 00:00:00,0.253,0
2018-04-20 06:00:00,0.134,6
2018-04-20 12:00:00,0.078,12
2018-04-20 18:00:00,0.035,18
2018-04-21 00:00:00,0.035,24
2018-04-21 00:00:00,0.035,0
2018-04-21 06:00:00,0.055,6
2018-04-21 12:00:00,0.058,12
2018-04-21 18:00:00,0.22,18
2018-04-22 00:00:00,0.105,24
2018-04-22 00:00:00,0.105,0
2018-04-22 06:00:00,0.093,6
2018-04-22 12:00:00,0.139,12
2018-04-22 18:00:00,0.173,18
2018-04-23 00:00:00,0.255,24
2018-04-23 00:00:00,0.255,0
2018-04-23 06:00:00,0.151,6
2018-04-23 12:00:00,0.294,12
2018-04-23 18:00:00,0.239,18
2018-04-24 00:00:00,0.067,24
2018-04-24 00:00:00,0.067,0
2018-04-24 06:00:00,0.255,6
2018-04-24 12:00:00,0.425,12
2018-04-24 18:00:00,0.117,18
2018-04-25 00:00:00,0.312,24
2018-04-25 00:00:00,0.312,0
2018-04-25 06:00:00,0.419,6
2018-04-25 12:00:00,0.75,12
2018-04-25 18:00:00,0.196,18
2018-04-26 00:00:00,0.283,24
2018-04-26 00:00:00,0.283,0
2018-04-26 06:00:00,0.488,6
2018-04-26 12:00:00,0.547,12
2018-04-26 18:00:00,0.219,18
2018-04-27 00:00:00,0.142,24
2018-04-27 00:00:00,0.142,0
2018-04-27 06:00:00,0.039,6
2018-04-27 12:00:00,0.103,12
2018-04-27 18:00:00,0.108,18
2018-04-28 00:00:00,0.368,24
2018-04-28 00:00:00,0.368,0
2018-04-28 06:00:00,0.196,6
2018-04-28 12:00:00,0.336,12
2018-04-28 18:00:00,0.054,18
2018-04-29 00:00:00,0.076,24
2018-04-29 00:00:00,0.076,0
2018-04-29 06:00:00,0.045,6
2018-04-29 12:00:00,0.105,12
2018-04-29 18:00:00,0.449,18
2018-04-30 00:00:00,0.379,24
2018-04-30 00:00:00,0.379,0
2018-04-30 06:00:00,0.563,6
2018-04-30 12:00:00,0.657,12
2018-04-30 18:00:00,0.424,18
2018-05-01 00:00:00,0.606,24
2018-05-01 00:00:00,0.606,0
2018-05-01 06:00:00,0.624,6
2018-05-01 12:00:00,0.521,12
2018-05-01 18:00:00,0.137,18
2018-05-02 00:00:00,0.006,24
2018-05-02 00:00:00,0.006,0
2018-05-02 06:00:00,0.034,6
2018-05-02 12:00:00,0.035,12
2018-05-02 18:00:00,0.095,18
2018-05-03 00:00:00,0.014,24
2018-05-03 00:00:00,0.014,0
2018-05-03 06:00:00,0.147,6
2018-05-03 12:00:00,0.132,12
2018-05-03 18:00:00,0.261,18
2018-05-04 00:00:00,0.22,24
2018-05-04 00:00:00,0.22,0
2018-05-04 06:00:00,0.251,6
2018-05-04 12:00:00,0.196,12
2018-05-04 18:00:00,0.285,18
2018-05-05 00:00:00,0.3,24
2018-05-05 00:00:00,0.3,0
2018-05-05 06:00:00,0.177,6
2018-05-05 12:00:00,0.323,12
2018-05-05 18:00:00,0.371,18
2018-05-06 00:00:00,0.299,24
2018-05-06 00:00:00,0.299,0
2018-05-06 06:00:00,0.061,6
2018-05-06 12:00:00,0.348,12
2018-05-06 18:00:00,0.398,18
2018-05-07 00:00:00,0.258,24
2018-05-07 00:00:00,0.258,0
2018-05-07 06:00:00,0.066,6
2018-05-07 12:00:00,0.258,12
2018-05-07 18:00:00,0.389,18
2018-05-08 00:00:00,0.289,24
2018-05-08 00:00:00,0.289,0
2018-05-08 06:00:00,0.076,6
2018-05-08 12:00:00,0.24,12
2018-05-08 18:00:00,0.319,18
2018-05-09 00:00:00,0.233,24
2018-05-09 00:00:00,0.233,0
2018-05-09 06:00:00,0.04,6
2018-05-09 12:00:00,0.161,12
2018-05-09 18:00:00,0.201,18
2018-05-10 00:00:00,0.132,24
2018-05-10 00:00:00,0.132,0
2018-05-10 06:00:00,0.031,6
2018-05-10 12:00:00,0.067,12
2018-05-10 18:00:00,0.251,18
2018-05-11 00:00:00,0.159,24
2018-05-11 00:00:00,0.159,0
2018-05-11 06:00:00,0.041,6
2018-05-11 12:00:00,0.014,12
2018-05-11 18:00:00,0.084,18
2018-05-12 00:00:00,0.112,24
2018-05-12 00:00:00,0.112,0
2018-05-12 06:00:00,0.018,6
2018-05-12 12:00:00,0.028,12
2018-05-12 18:00:00,0.261,18
2018-05-13 00:00:00,0.172,24
2018-05-13 00:00:00,0.172,0
2018-05-13 06:00:00,0.066,6
2018-05-13 12:00:00,0.249,12
2018-05-13 18:00:00,0.393,18
2018-05-14 00:00:00,0.294,24
2018-05-14 00:00:00,0.294,0
2018-05-14 06:00:00,0.183,6
2018-05-14 12:00:00,0.525,12
2018-05-14 18:00:00,0.478,18
2018-05-15 00:00:00,0.4,24
2018-05-15 00:00:00,0.4,0
2018-05-15 06:00:00,0.148,6
2018-05-15 12:00:00,0.248,12
2018-05-15 18:00:00,0.305,18
2018-05-16 00:00:00,0.145,24
2018-05-16 00:00:00,0.145,0
2018-05-16 06:00:00,0.09,6
2018-05-16 12:00:00,0.195,12
2018-05-16 18:00:00,0.124,18
2018-05-17 00:00:00,0.272,24
2018-05-17 00:00:00,0.272,0
2018-05-17 06:00:00,0.259,6
2018-05-17 12:00:00,0.207,12
2018-05-17 18:00:00,0.179,18
2018-05-18 00:00:00,0.157,24
2018-05-18 00:00:00,0.157,0
2018-05-18 06:00:00,0.074,6
2018-05-18 12:00:00,0.059,12
2018-05-18 18:00:00,0.058,18
2018-05-19 00:00:00,0.01,24
2018-05-19 00:00:00,0.01,0
2018-05-19 06:00:00,0.024,6
2018-05-19 12:00:00,0.024,12
2018-05-19 18:00:00,0.093,18
2018-05-20 00:00:00,0.183,24
2018-05-20 00:00:00,0.183,0
2018-05-20 06:00:00,0.078,6
2018-05-20 12:00:00,0.262,12
2018-05-20 18:00:00,0.391,18
2018-05-21 00:00:00,0.334,24
2018-05-21 00:00:00,0.334,0
2018-05-21 06:00:00,0.184,6
2018-05-21 12:00:00,0.364,12
2018-05-21 18:00:00,0.369,18
2018-05-22 00:00:00,0.255,24
2018-05-22 00:00:00,0.255,0
2018-05-22 06:00:00,0.036,6
2018-05-22 12:00:00,0.071,12
2018-05-22 18:00:00,0.193,18
2018-05-23 00:00:00,0.243,24
2018-05-23 00:00:00,0.243,0
2018-05-23 06:00:00,0.147,6
2018-05-23 12:00:00,0.4,12
2018-05-23 18:00:00,0.28,18
2018-05-24 00:00:00,0.251,24
2018-05-24 00:00:00,0.251,0
2018-05-24 06:00:00,0.167,6
2018-05-24 12:00:00,0.328,12
2018-05-24 18:00:00,0.227,18
2018-05-25 00:00:00,0.143,24
2018-05-25 00:00:00,0.143,0
2018-05-25 06:00:00,0.057,6
2018-05-25 12:00:00,0.122,12
2018-05-25 18:00:00,0.057,18
2018-05-26 00:00:00,0.038,24
2018-05-26 00:00:00,0.038,0
2018-05-26 06:00:00,0.013,6
2018-05-26 12:00:00,0.042,12
2018-05-26 18:00:00,0.136,18
2018-05-27 00:00:00,0.202,24
2018-05-27 00:00:00,0.202,0
2018-05-27 06:00:00,0.039,6
2018-05-27 12:00:00,0.06,12
2018-05-27 18:00:00,0.195,18
2018-05-28 00:00:00,0.107,24
2018-05-28 00:00:00,0.107,0
2018-05-28 06:00:00,0.019,6
2018-05-28 12:00:00,0.118,12
2018-05-28 18:00:00,0.255,18
2018-05-29 00:00:00,0.215,24
2018-05-29 00:00:00,0.215,0
2018-05-29 06:00:00,0.086,6
2018-05-29 12:00:00,0.144,12
2018-05-29 18:00:00,0.045,18
2018-05-30 00:00:00,0.084,24
2018-05-30 00:00:00,0.084,0
2018-05-30 06:00:00,0.027,6
2018-05-30 12:00:00,0.001,12
2018-05-30 18:00:00,0.031,18
2018-05-31 00:00:00,0.076,24
2018-05-31 00:00:00,0.076,0
2018-05-31 06:00:00,0.048,6
2018-05-31 12:00:00,0.002,12
2018-05-31 18:00:00,0.056,18
2018-06-01 00:00:00,0.006,24
2018-06-01 00:00:00,0.006,0
2018-06-01 06:00:00,0.032,6
2018-06-01 12:00:00,0.141,12
2018-06-01 18:00:00,0.11,18
2018-06-02 00:00:00,0.237,24
2018-06-02 00:00:00,0.237,0
2018-06-02 06:00:00,0.219,6
2018-06-02 12:00:00,0.194,12
2018-06-02 18:00:00,0.068,18
2018-06-03 00:00:00,0.043,24
2018-06-03 00:00:00,0.043,0
2018-06-03 06:00:00,0.007,6
2018-06-03 12:00:00,0.032,12
2018-06-03 18:00:00,0.104,18
2018-06-04 00:00:00,0.094,24
2018-06-04 00:00:00,0.094,0
2018-06-04 06:00:00,0.032,6
2018-06-04 12:00:00,0.027,12
2018-06-04 18:00:00,0.23,18
2018-06-05 00:00:00,0.124,24
2018-06-05 00:00:00,0.124,0
2018-06-05 06:00:00,0.026,6
2018-06-05 12:00:00,0.073,12
2018-06-05 18:00:00,0.188,18
2018-06-06 00:00:00,0.182,24
2018-06-06 00:00:00,0.182,0
2018-06-06 06:00:00,0.139,6
2018-06-06 12:00:00,0.092,12
2018-06-06 18:00:00,0.204,18
2018-06-07 00:00:00,0.179,24
2018-06-07 00:00:00,0.179,0
2018-06-07 06:00:00,0.028,6
2018-06-07 12:00:00,0.056,12
2018-06-07 18:00:00,0.025,18
2018-06-08 00:00:00,0.015,24
2018-06-08 00:00:00,0.015,0
2018-06-08 06:00:00,0.003,6
2018-06-08 12:00:00,0.048,12
2018-06-08 18:00:00,0.157,18
2018-06-09 00:00:00,0.153,24
2018-06-09 00:00:00,0.153,0
2018-06-09 06:00:00,0.015,6
2018-06-09 12:00:00,0.1,12
2018-06-09 18:00:00,0.033,18
2018-06-10 00:00:00,0.01,24
2018-06-10 00:00:00,0.01,0
2018-06-10 06:00:00,0.011,6
2018-06-10 12:00:00,0.055,12
2018-06-10 18:00:00,0.083,18
2018-06-11 00:00:00,0.113,24
2018-06-11 00:00:00,0.113,0
2018-06-11 06:00:00,0.055,6
2018-06-11 12:00:00,0.042,12
2018-06-11 18:00:00,0.18,18
2018-06-12 00:00:00,0.123,24
2018-06-12 00:00:00,0.123,0
2018-06-12 06:00:00,0.082,6
2018-06-12 12:00:00,0.077,12
2018-06-12 18:00:00,0.141,18
2018-06-13 00:00:00,0.14,24
2018-06-13 00:00:00,0.14,0
2018-06-13 06:00:00,0.155,6
2018-06-13 12:00:00,0.209,12
2018-06-13 18:00:00,0.094,18
2018-06-14 00:00:00,0.059,24
2018-06-14 00:00:00,0.059,0
2018-06-14 06:00:00,0.016,6
2018-06-14 12:00:00,0.086,12
2018-06-14 18:00:00,0.101,18
2018-06-15 00:00:00,0.083,24
2018-06-15 00:00:00,0.083,0
2018-06-15 06:00:00,0.003,6
2018-06-15 12:00:00,0.009,12
2018-06-15 18:00:00,0.003,18
2018-06-16 00:00:00,0.078,24
2018-06-16 00:00:00,0.078,0
2018-06-16 06:00:00,0.027,6
2018-06-16 12:00:00,0.068,12
2018-06-16 18:00:00,0.036,18
2018-06-17 00:00:00,0.104,24
2018-06-17 00:00:00,0.104,0
2018-06-17 06:00:00,0.125,6
2018-06-17 12:00:00,0.22,12
2018-06-17 18:00:00,0.108,18
2018-06-18 00:00:00,0.101,24
2018-06-18 00:00:00,0.101,0
2018-06-18 06:00:00,0.068,6
2018-06-18 12:00:00,0.165,12
2018-06-18 18:00:00,0.146,18
2018-06-19 00:00:00,0.244,24
2018-06-19 00:00:00,0.244,0
2018-06-19 06:00:00,0.177,6
2018-06-19 12:00:00,0.152,12
2018-06-19 18:00:00,0.076,18
2018-06-20 00:00:00,0.009,24
2018-06-20 00:00:00,0.009,0
2018-06-20 06:00:00,0.035,6
2018-06-20 12:00:00,0.085,12
2018-06-20 18:00:00,0.09,18
2018-06-21 00:00:00,0.066,24
2018-06-21 00:00:00,0.066,0
2018-06-21 06:00:00,0.213,6
2018-06-21 12:00:00,0.791,12
2018-06-21 18:00:00,0.501,18
2018-06-22 00:00:00,0.301,24
2018-06-22 00:00:00,0.301,0
2018-06-22 06:00:00,0.594,6
2018-06-22 12:00:00,0.532,12
2018-06-22 18:00:00,0.266,18
2018-06-23 00:00:00,0.273,24
2018-06-23 00:00:00,0.273,0
2018-06-23 06:00:00,0.294,6
2018-06-23 12:00:00,0.464,12
2018-06-23 18:00:00,0.241,18
2018-06-24 00:00:00,0.134,24
2018-06-24 00:00:00,0.134,0
2018-06-24 06:00:00,0.1,6
2018-06-24 12:00:00,0.167,12
2018-06-24 18:00:00,0.095,18
2018-06-25 00:00:00,0.138,24
2018-06-25 00:00:00,0.138,0
2018-06-25 06:00:00,0.065,6
2018-06-25 12:00:00,0.104,12
2018-06-25 18:00:00,0.104,18
2018-06-26 00:00:00,0.085,24
2018-06-26 00:00:00,0.085,0
2018-06-26 06:00:00,0.03,6
2018-06-26 12:00:00,0.056,12
2018-06-26 18:00:00,0.168,18
2018-06-27 00:00:00,0.188,24
2018-06-27 00:00:00,0.188,0
2018-06-27 06:00:00,0.144,6
2018-06-27 12:00:00,0.249,12
2018-06-27 18:00:00,0.27,18
2018-06-28 00:00:00,0.185,24
2018-06-28 00:00:00,0.185,0
2018-06-28 06:00:00,0.236,6
2018-06-28 12:00:00,0.496,12
2018-06-28 18:00:00,0.26,18
2018-06-29 00:00:00,0.279,24
2018-06-29 00:00:00,0.279,0
2018-06-29 06:00:00,0.165,6
2018-06-29 12:00:00,0.145,12
2018-06-29 18:00:00,0.246,18
2018-06-30 00:00:00,0.277,24
2018-06-30 00:00:00,0.277,0
2018-06-30 06:00:00,0.343,6
2018-06-30 12:00:00,0.302,12
2018-06-30 18:00:00,0.291,18
2018-07-01 00:00:00,0.343,24
2018-07-01 00:00:00,0.343,0
2018-07-01 06:00:00,0.276,6
2018-07-01 12:00:00,0.289,12
2018-07-01 18:00:00,0.27,18
2018-07-02 00:00:00,0.242,24
2018-07-02 00:00:00,0.242,0
2018-07-02 06:00:00,0.086,6
2018-07-02 12:00:00,0.112,12
2018-07-02 18:00:00,0.167,18
2018-07-03 00:00:00,0.047,24
2018-07-03 00:00:00,0.047,0
2018-07-03 06:00:00,0.037,6
2018-07-03 12:00:00,0.007,12
2018-07-03 18:00:00,0.025,18
2018-07-04 00:00:00,0.109,24
2018-07-04 00:00:00,0.109,0
2018-07-04 06:00:00,0.022,6
2018-07-04 12:00:00,0.119,12
2018-07-04 18:00:00,0.168,18
2018-07-05 00:00:00,0.175,24
2018-07-05 00:00:00,0.175,0
2018-07-05 06:00:00,0.034,6
2018-07-05 12:00:00,0.072,12
2018-07-05 18:00:00,0.14,18
2018-07-06 00:00:00,0.118,24
2018-07-06 00:00:00,0.118,0
2018-07-06 06:00:00,0.066,6
2018-07-06 12:00:00,0.208,12
2018-07-06 18:00:00,0.26,18
2018-07-07 00:00:00,0.105,24
2018-07-07 00:00:00,0.105,0
2018-07-07 06:00:00,0.073,6
2018-07-07 12:00:00,0.171,12
2018-07-07 18:00:00,0.208,18
2018-07-08 00:00:00,0.127,24
2018-07-08 00:00:00,0.127,0
2018-07-08 06:00:00,0.082,6
2018-07-08 12:00:00,0.118,12
2018-07-08 18:00:00,0.167,18
2018-07-09 00:00:00,0.179,24
2018-07-09 00:00:00,0.179,0
2018-07-09 06:00:00,0.065,6
2018-07-09 12:00:00,0.166,12
2018-07-09 18:00:00,0.172,18
2018-07-10 00:00:00,0.034,24
2018-07-10 00:00:00,0.034,0
2018-07-10 06:00:00,0.118,6
2018-07-10 12:00:00,0.064,12
2018-07-10 18:00:00,0.012,18
2018-07-11 00:00:00,0.072,24
2018-07-11 00:00:00,0.072,0
2018-07-11 06:00:00,0.028,6
2018-07-11 12:00:00,0.081,12
2018-07-11 18:00:00,0.047,18
2018-07-12 00:00:00,0.03,24
2018-07-12 00:00:00,0.03,0
2018-07-12 06:00:00,0.093,6
2018-07-12 12:00:00,0.192,12
2018-07-12 18:00:00,0.142,18
2018-07-13 00:00:00,0.126,24
2018-07-13 00:00:00,0.126,0
2018-07-13 06:00:00,0.057,6
2018-07-13 12:00:00,0.119,12
2018-07-13 18:00:00,0.155,18
2018-07-14 00:00:00,0.056,24
2018-07-14 00:00:00,0.056,0
2018-07-14 06:00:00,0.011,6
2018-07-14 12:00:00,0.036,12
2018-07-14 18:00:00,0.16,18
2018-07-15 00:00:00,0.133,24
2018-07-15 00:00:00,0.133,0
2018-07-15 06:00:00,0.034,6
2018-07-15 12:00:00,0.027,12
2018-07-15 18:00:00,0.164,18
2018-07-16 00:00:00,0.147,24
2018-07-16 00:00:00,0.147,0
2018-07-16 06:00:00,0.017,6
2018-07-16 12:00:00,0.003,12
2018-07-16 18:00:00,0.04,18
2018-07-17 00:00:00,0.004,24
2018-07-17 00:00:00,0.004,0
2018-07-17 06:00:00,0.013,6
2018-07-17 12:00:00,0.16,12
2018-07-17 18:00:00,0.224,18
2018-07-18 00:00:00,0.266,24
2018-07-18 00:00:00,0.266,0
2018-07-18 06:00:00,0.167,6
2018-07-18 12:00:00,0.216,12
2018-07-18 18:00:00,0.196,18
2018-07-19 00:00:00,0.158,24
2018-07-19 00:00:00,0.158,0
2018-07-19 06:00:00,0.064,6
2018-07-19 12:00:00,0.062,12
2018-07-19 18:00:00,0.184,18
2018-07-20 00:00:00,0.162,24
2018-07-20 00:00:00,0.162,0
2018-07-20 06:00:00,0.041,6
2018-07-20 12:00:00,0.003,12
2018-07-20 18:00:00,0.019,18
2018-07-21 00:00:00,0.225,24
2018-07-21 00:00:00,0.225,0
2018-07-21 06:00:00,0.025,6
2018-07-21 12:00:00,0.005,12
2018-07-21 18:00:00,0.019,18
2018-07-22 00:00:00,0.039,24
2018-07-22 00:00:00,0.039,0
2018-07-22 06:00:00,0.004,6
2018-07-22 12:00:00,0.026,12
2018-07-22 18:00:00,0.016,18
2018-07-23 00:00:00,0.079,24
2018-07-23 00:00:00,0.079,0
2018-07-23 06:00:00,0.005,6
2018-07-23 12:00:00,0.042,12
2018-07-23 18:00:00,0.118,18
2018-07-24 00:00:00,0.082,24
2018-07-24 00:00:00,0.082,0
2018-07-24 06:00:00,0.025,6
2018-07-24 12:00:00,0.026,12
2018-07-24 18:00:00,0.148,18
2018-07-25 00:00:00,0.042,24
2018-07-25 00:00:00,0.042,0
2018-07-25 06:00:00,0.005,6
2018-07-25 12:00:00,0.101,12
2018-07-25 18:00:00,0.218,18
2018-07-26 00:00:00,0.163,24
2018-07-26 00:00:00,0.163,0
2018-07-26 06:00:00,0.048,6
2018-07-26 12:00:00,0.164,12
2018-07-26 18:00:00,0.287,18
2018-07-27 00:00:00,0.201,24
2018-07-27 00:00:00,0.201,0
2018-07-27 06:00:00,0.075,6
2018-07-27 12:00:00,0.106,12
2018-07-27 18:00:00,0.144,18
2018-07-28 00:00:00,0.152,24
2018-07-28 00:00:00,0.152,0
2018-07-28 06:00:00,0.035,6
2018-07-28 12:00:00,0.251,12
2018-07-28 18:00:00,0.104,18
2018-07-29 00:00:00,0.101,24
2018-07-29 00:00:00,0.101,0
2018-07-29 06:00:00,0.118,6
2018-07-29 12:00:00,0.088,12
2018-07-29 18:00:00,0.031,18
2018-07-30 00:00:00,0.056,24
2018-07-30 00:00:00,0.056,0
2018-07-30 06:00:00,0.012,6
2018-07-30 12:00:00,0.021,12
2018-07-30 18:00:00,0.004,18
2018-07-31 00:00:00,0.093,24
2018-07-31 00:00:00,0.093,0
2018-07-31 06:00:00,0.021,6
2018-07-31 12:00:00,0.066,12
2018-07-31 18:00:00,0.289,18
2018-08-01 00:00:00,0.235,24
2018-08-01 00:00:00,0.235,0
2018-08-01 06:00:00,0.154,6
2018-08-01 12:00:00,0.087,12
2018-08-01 18:00:00,0.204,18
2018-08-02 00:00:00,0.131,24
2018-08-02 00:00:00,0.131,0
2018-08-02 06:00:00,0.09,6
2018-08-02 12:00:00,0.068,12
2018-08-02 18:00:00,0.093,18
2018-08-03 00:00:00,0.133,24
2018-08-03 00:00:00,0.133,0
2018-08-03 06:00:00,0.088,6
2018-08-03 12:00:00,0.061,12
2018-08-03 18:00:00,0.13,18
2018-08-04 00:00:00,0.077,24
2018-08-04 00:00:00,0.077,0
2018-08-04 06:00:00,0.003,6
2018-08-04 12:00:00,0.064,12
2018-08-04 18:00:00,0.287,18
2018-08-05 00:00:00,0.173,24
2018-08-05 00:00:00,0.173,0
2018-08-05 06:00:00,0.136,6
2018-08-05 12:00:00,0.122,12
2018-08-05 18:00:00,0.184,18
2018-08-06 00:00:00,0.084,24
2018-08-06 00:00:00,0.084,0
2018-08-06 06:00:00,0.07,6
2018-08-06 12:00:00,0.041,12
2018-08-06 18:00:00,0.113,18
2018-08-07 00:00:00,0.208,24
2018-08-07 00:00:00,0.208,0
2018-08-07 06:00:00,0.128,6
2018-08-07 12:00:00,0.199,12
2018-08-07 18:00:00,0.223,18
2018-08-08 00:00:00,0.264,24
2018-08-08 00:00:00,0.264,0
2018-08-08 06:00:00,0.112,6
2018-08-08 12:00:00,0.316,12
2018-08-08 18:00:00,0.135,18
2018-08-09 00:00:00,0.109,24
2018-08-09 00:00:00,0.109,0
2018-08-09 06:00:00,0.131,6
2018-08-09 12:00:00,0.216,12
2018-08-09 18:00:00,0.43,18
2018-08-10 00:00:00,0.53,24
2018-08-10 00:00:00,0.53,0
2018-08-10 06:00:00,0.313,6
2018-08-10 12:00:00,0.231,12
2018-08-10 18:00:00,0.153,18
2018-08-11 00:00:00,0.231,24
2018-08-11 00:00:00,0.231,0
2018-08-11 06:00:00,0.332,6
2018-08-11 12:00:00,0.405,12
2018-08-11 18:00:00,0.184,18
2018-08-12 00:00:00,0.016,24
2018-08-12 00:00:00,0.016,0
2018-08-12 06:00:00,0.049,6
2018-08-12 12:00:00,0.122,12
2018-08-12 18:00:00,0.011,18
2018-08-13 00:00:00,0.079,24
2018-08-13 00:00:00,0.079,0
2018-08-13 06:00:00,0.063,6
2018-08-13 12:00:00,0.445,12
2018-08-13 18:00:00,0.291,18
2018-08-14 00:00:00,0.246,24
2018-08-14 00:00:00,0.246,0
2018-08-14 06:00:00,0.273,6
2018-08-14 12:00:00,0.372,12
2018-08-14 18:00:00,0.243,18
2018-08-15 00:00:00,0.105,24
2018-08-15 00:00:00,0.105,0
2018-08-15 06:00:00,0.062,6
2018-08-15 12:00:00,0.098,12
2018-08-15 18:00:00,0.008,18
2018-08-16 00:00:00,0.045,24
2018-08-16 00:00:00,0.045,0
2018-08-16 06:00:00,0.055,6
2018-08-16 12:00:00,0.065,12
2018-08-16 18:00:00,0.005,18
2018-08-17 00:00:00,0.047,24
2018-08-17 00:00:00,0.047,0
2018-08-17 06:00:00,0.006,6
2018-08-17 12:00:00,0.037,12
2018-08-17 18:00:00,0.294,18
2018-08-18 00:00:00,0.084,24
2018-08-18 00:00:00,0.084,0
2018-08-18 06:00:00,0.017,6
2018-08-18 12:00:00,0.025,12
2018-08-18 18:00:00,0.059,18
2018-08-19 00:00:00,0.085,24
2018-08-19 00:00:00,0.085,0
2018-08-19 06:00:00,0.006,6
2018-08-19 12:00:00,0.133,12
2018-08-19 18:00:00,0.189,18
2018-08-20 00:00:00,0.087,24
2018-08-20 00:00:00,0.087,0
2018-08-20 06:00:00,0.105,6
2018-08-20 12:00:00,0.187,12
2018-08-20 18:00:00,0.122,18
2018-08-21 00:00:00,0.048,24
2018-08-21 00:00:00,0.048,0
2018-08-21 06:00:00,0.025,6
2018-08-21 12:00:00,0.015,12
2018-08-21 18:00:00,0.156,18
2018-08-22 00:00:00,0.132,24
2018-08-22 00:00:00,0.132,0
2018-08-22 06:00:00,0.045,6
2018-08-22 12:00:00,0.015,12
2018-08-22 18:00:00,0.009,18
2018-08-23 00:00:00,0.093,24
2018-08-23 00:00:00,0.093,0
2018-08-23 06:00:00,0.016,6
2018-08-23 12:00:00,0.201,12
2018-08-23 18:00:00,0.152,18
2018-08-24 00:00:00,0.165,24
2018-08-24 00:00:00,0.165,0
2018-08-24 06:00:00,0.192,6
2018-08-24 12:00:00,0.374,12
2018-08-24 18:00:00,0.071,18
2018-08-25 00:00:00,0.034,24
2018-08-25 00:00:00,0.034,0
2018-08-25 06:00:00,0.308,6
2018-08-25 12:00:00,0.432,12
2018-08-25 18:00:00,0.191,18
2018-08-26 00:00:00,0.155,24
2018-08-26 00:00:00,0.155,0
2018-08-26 06:00:00,0.091,6
2018-08-26 12:00:00,0.094,12
2018-08-26 18:00:00,0.101,18
2018-08-27 00:00:00,0.278,24
2018-08-27 00:00:00,0.278,0
2018-08-27 06:00:00,0.368,6
2018-08-27 12:00:00,0.503,12
2018-08-27 18:00:00,0.278,18
2018-08-28 00:00:00,0.138,24
2018-08-28 00:00:00,0.138,0
2018-08-28 06:00:00,0.015,6
2018-08-28 12:00:00,0.002,12
2018-08-28 18:00:00,0.233,18
2018-08-29 00:00:00,0.207,24
2018-08-29 00:00:00,0.207,0
2018-08-29 06:00:00,0.04,6
2018-08-29 12:00:00,0.09,12
2018-08-29 18:00:00,0.068,18
2018-08-30 00:00:00,0.118,24
2018-08-30 00:00:00,0.118,0
2018-08-30 06:00:00,0.272,6
2018-08-30 12:00:00,0.376,12
2018-08-30 18:00:00,0.17,18
2018-08-31 00:00:00,0.068,24
2018-08-31 00:00:00,0.068,0
2018-08-31 06:00:00,0.023,6
2018-08-31 12:00:00,0.037,12
2018-08-31 18:00:00,0.214,18
2018-09-01 00:00:00,0.101,24
